_id,serviceRad,priceRad,customerName,add1,add2,state,city,zip,userID,date,status
ObjectId(58aba7ae7fe791ef5709a671),,58a9f65ffeb2b13a561c45eb,,val1,val2,Arizona,florida,85224,58aba3967fe791ef5709a670,,cancelled
ObjectId(58b4c2a3aac31ccf4ebe37e3),58a9f62cfeb2b13a561c45ea,58a9f6e4feb2b13a561c45ef,,,,Please select a state,,85224,58aba3967fe791ef5709a670,"February 28th 2017, 12:21:55 am",cancelled
ObjectId(58b4f08180cd87411df8bbe8),58a9f626feb2b13a561c45e9,58a9f71efeb2b13a561c45f3,Juanga,add,add2,Alabama,florida,85224,58ab6bdbf2aa28642fd669eb,"February 27th 2017, 9:37:37 pm",cancelled
ObjectId(58b4f0aa80cd87411df8bbe9),58a9f62cfeb2b13a561c45ea,58a9f6f5feb2b13a561c45f1,Test User,testing user 14th,ad2,Illinois,Belen,85224,58ab6bdbf2aa28642fd669eb,"February 27th 2017, 9:38:18 pm",cancelled
ObjectId(58c76260bd93e1210de0ca2c),58a9f62cfeb2b13a561c45ea,58a9f6a9feb2b13a561c45ec,test,test1,test2,Florida,miamo,85224,58ab6bdbf2aa28642fd669eb,"March 13th 2017, 9:24:16 pm",cancelled
ObjectId(58f3f0fa0cde6fa322f1fcd7),58edb9dd8d2d29979fe901c0,58a9f65ffeb2b13a561c45eb,abc,1,1,Texas,any,85392,58aba3967fe791ef5709a670,"April 16th 2017, 10:32:26 pm",cancelled
ObjectId(58f40238c1c0893024b254cf),58edb9dd8d2d29979fe901c0,58a9f65ffeb2b13a561c45eb,abc,101 w renner rd,a,Florida,any,85392,58f40106c1c0893024b254ce,"April 16th 2017, 11:46:00 pm",cancelled
ObjectId(58f42f85c1c0893024b254d0),58edb9dd8d2d29979fe901c0,58a9f65ffeb2b13a561c45eb,abc,10866 E Highway 32,a,Missouri,Stockton,85392,58f40106c1c0893024b254ce,"April 17th 2017, 2:59:17 am",cancelled
ObjectId(58f7cd5990dc8f89051af9ca),58edb9dd8d2d29979fe901c5,58a9f65ffeb2b13a561c45eb,Brian Siconolfi,101 W Renner Rd,STE 180,Texas,A,85232,58f3d19a0cde6fa322f1fcd6,"April 19th 2017, 8:49:29 pm",cancelled
ObjectId(58ffb97a111a715936d2468f),58fed1143c888a01983cb1ce,,Test 2,1719 Grassy Creek Dr,,Texas,Allen,75002,58f3d19a0cde6fa322f1fcd6,"April 25th 2017, 9:02:50 pm",cancelled
