zip,provider,zone
35004,Charter,A
35005,Charter,A
35007,Charter,A
35010,Charter,A
35014,Charter,A
35015,Charter,A
35016,Charter,A
35020,Charter,A
35022,Charter,A
35023,Charter,A
35031,Charter,A
35032,Charter,A
35033,Charter,A
35034,Charter,A
35036,Charter,A
35038,Charter,A
35040,Charter,A
35042,Charter,A
35043,Charter,A
35044,Charter,A
35048,Charter,A
35051,Charter,A
35053,Charter,A
35055,Charter,A
35057,Charter,A
35058,Charter,A
35060,Charter,A
35061,Charter,A
35062,Charter,A
35063,Charter,A
35064,Charter,A
35068,Charter,A
35070,Charter,A
35071,Charter,A
35072,Charter,A
35073,Charter,A
35077,Charter,A
35078,Charter,A
35079,Charter,A
35080,Charter,A
35082,Charter,A
35083,Charter,A
35085,Charter,A
35089,Charter,A
35091,Charter,A
35094,Charter,A
35096,Charter,A
35112,Charter,A
35114,Charter,A
35115,Charter,A
35116,Charter,A
35117,Charter,A
35118,Charter,A
35119,Charter,A
35120,Charter,A
35123,Charter,A
35124,Charter,A
35126,Charter,A
35127,Charter,A
35130,Charter,A
35136,Charter,A
35137,Charter,A
35139,Charter,A
35142,Charter,A
35146,Charter,A
35147,Charter,A
35148,Charter,A
35149,Charter,A
35150,Charter,A
35151,Charter,A
35160,Charter,A
35173,Charter,A
35175,Charter,A
35176,Charter,A
35178,Charter,A
35179,Charter,A
35180,Charter,A
35181,Charter,A
35183,Charter,A
35184,Charter,A
35185,Charter,A
35187,Charter,A
35188,Charter,A
35203,Charter,A
35204,Charter,A
35205,Charter,A
35207,Charter,A
35208,Charter,A
35209,Charter,A
35210,Charter,A
35211,Charter,A
35212,Charter,A
35213,Charter,A
35214,Charter,A
35215,Charter,A
35216,Charter,A
35217,Charter,A
35218,Charter,A
35219,Charter,A
35221,Charter,A
35222,Charter,A
35223,Charter,A
35224,Charter,A
35226,Charter,A
35228,Charter,A
35233,Charter,A
35234,Charter,A
35235,Charter,A
35236,Charter,A
35238,Charter,A
35242,Charter,A
35243,Charter,A
35244,Charter,A
35249,Charter,A
35260,Charter,A
35401,Charter,A
35404,Charter,A
35405,Charter,A
35406,Charter,A
35444,Charter,A
35446,Charter,A
35449,Charter,A
35452,Charter,A
35453,Charter,A
35456,Charter,A
35458,Charter,A
35463,Charter,A
35469,Charter,A
35473,Charter,A
35474,Charter,A
35475,Charter,A
35476,Charter,A
35478,Charter,A
35480,Charter,A
35490,Charter,A
35501,Charter,A
35503,Charter,A
35504,Charter,A
35540,Charter,A
35544,Charter,A
35549,Charter,A
35550,Charter,A
35554,Charter,A
35555,Charter,A
35563,Charter,A
35570,Charter,A
35573,Charter,A
35578,Charter,A
35580,Charter,A
35581,Charter,A
35584,Charter,A
35585,Charter,A
35586,Charter,A
35592,Charter,A
35601,Charter,A
35603,Charter,A
35611,Charter,A
35613,Charter,A
35614,Charter,A
35619,Charter,A
35620,Charter,A
35622,Charter,A
35630,Charter,A
35634,Charter,A
35640,Charter,A
35643,Charter,A
35645,Charter,A
35646,Charter,A
35648,Charter,A
35650,Charter,A
35652,Charter,A
35653,Charter,A
35654,Charter,A
35661,Charter,A
35670,Charter,A
35671,Charter,A
35673,Charter,A
35674,Charter,A
35740,Charter,A
35744,Charter,A
35747,Charter,A
35748,Charter,A
35749,Charter,A
35752,Charter,A
35754,Charter,A
35756,Charter,A
35764,Charter,A
35765,Charter,A
35766,Charter,A
35768,Charter,A
35769,Charter,A
35771,Charter,A
35772,Charter,A
35773,Charter,A
35775,Charter,A
35776,Charter,A
35803,Charter,A
35806,Charter,A
35810,Charter,A
35901,Charter,A
35903,Charter,A
35904,Charter,A
35905,Charter,A
35906,Charter,A
35907,Charter,A
35950,Charter,A
35951,Charter,A
35952,Charter,A
35953,Charter,A
35954,Charter,A
35956,Charter,A
35957,Charter,A
35958,Charter,A
35960,Charter,A
35962,Charter,A
35964,Charter,A
35967,Charter,A
35968,Charter,A
35971,Charter,A
35974,Charter,A
35976,Charter,A
35979,Charter,A
35980,Charter,A
35984,Charter,A
35987,Charter,A
35989,Charter,A
35990,Charter,A
36003,Charter,A
36006,Charter,A
36008,Charter,A
36013,Charter,A
36022,Charter,A
36043,Charter,A
36047,Charter,A
36051,Charter,A
36052,Charter,A
36057,Charter,A
36064,Charter,A
36066,Charter,A
36067,Charter,A
36069,Charter,A
36078,Charter,A
36083,Charter,A
36088,Charter,A
36092,Charter,A
36101,Charter,A
36104,Charter,A
36105,Charter,A
36106,Charter,A
36107,Charter,A
36108,Charter,A
36109,Charter,A
36110,Charter,A
36111,Charter,A
36112,Charter,A
36113,Charter,A
36114,Charter,A
36115,Charter,A
36116,Charter,A
36117,Charter,A
36118,Charter,A
36119,Charter,A
36121,Charter,A
36123,Charter,A
36124,Charter,A
36130,Charter,A
36131,Charter,A
36251,Charter,A
36256,Charter,A
36265,Charter,A
36266,Charter,A
36268,Charter,A
36272,Charter,A
36274,Charter,A
36275,Charter,A
36276,Charter,A
36278,Charter,A
36701,Charter,A
36703,Charter,A
36744,Charter,A
36748,Charter,A
36749,Charter,A
36756,Charter,A
36759,Charter,A
36801,Charter,A
36804,Charter,A
36830,Charter,A
36832,Charter,A
36849,Charter,A
36850,Charter,A
36852,Charter,A
36853,Charter,A
36854,Charter,A
36855,Charter,A
36861,Charter,A
36862,Charter,A
36863,Charter,A
36865,Charter,A
36866,Charter,A
36867,Charter,A
36869,Charter,A
36874,Charter,A
36904,Charter,A
36908,Charter,A
90001,Charter,A
90013,Charter,A
90017,Charter,A
90022,Charter,A
90023,Charter,A
90032,Charter,A
90039,Charter,A
90040,Charter,A
90041,Charter,A
90042,Charter,A
90056,Charter,A
90058,Charter,A
90065,Charter,A
90068,Charter,A
90071,Charter,A
90201,Charter,A
90221,Charter,A
90240,Charter,A
90241,Charter,A
90242,Charter,A
90245,Charter,A
90250,Charter,A
90255,Charter,A
90263,Charter,A
90264,Charter,A
90265,Charter,A
90270,Charter,A
90272,Charter,A
90278,Charter,A
90280,Charter,A
90290,Charter,A
90601,Charter,A
90602,Charter,A
90603,Charter,A
90604,Charter,A
90605,Charter,A
90606,Charter,A
90620,Charter,A
90623,Charter,A
90630,Charter,A
90631,Charter,A
90638,Charter,A
90640,Charter,A
90650,Charter,A
90651,Charter,A
90660,Charter,A
90670,Charter,A
90701,Charter,A
90703,Charter,A
90706,Charter,A
90712,Charter,A
90713,Charter,A
90715,Charter,A
90716,Charter,A
90720,Charter,A
90723,Charter,A
90740,Charter,A
90744,Charter,A
90755,Charter,A
90802,Charter,A
90803,Charter,A
90804,Charter,A
90805,Charter,A
90806,Charter,A
90807,Charter,A
90808,Charter,A
90809,Charter,A
90810,Charter,A
90813,Charter,A
90814,Charter,A
90815,Charter,A
90822,Charter,A
90831,Charter,A
90832,Charter,A
90840,Charter,A
90844,Charter,A
91001,Charter,A
91003,Charter,A
91006,Charter,A
91007,Charter,A
91008,Charter,A
91010,Charter,A
91011,Charter,A
91016,Charter,A
91020,Charter,A
91021,Charter,A
91024,Charter,A
91030,Charter,A
91042,Charter,A
91046,Charter,A
91101,Charter,A
91102,Charter,A
91103,Charter,A
91104,Charter,A
91105,Charter,A
91106,Charter,A
91107,Charter,A
91108,Charter,A
91109,Charter,A
91121,Charter,A
91123,Charter,A
91124,Charter,A
91125,Charter,A
91182,Charter,A
91188,Charter,A
91201,Charter,A
91202,Charter,A
91203,Charter,A
91204,Charter,A
91205,Charter,A
91206,Charter,A
91207,Charter,A
91208,Charter,A
91209,Charter,A
91210,Charter,A
91214,Charter,A
91221,Charter,A
91222,Charter,A
91226,Charter,A
91301,Charter,A
91302,Charter,A
91306,Charter,A
91307,Charter,A
91316,Charter,A
91320,Charter,A
91352,Charter,A
91355,Charter,A
91360,Charter,A
91361,Charter,A
91364,Charter,A
91367,Charter,A
91377,Charter,A
91501,Charter,A
91502,Charter,A
91504,Charter,A
91505,Charter,A
91506,Charter,A
91521,Charter,A
91522,Charter,A
91523,Charter,A
91601,Charter,A
91602,Charter,A
91604,Charter,A
91605,Charter,A
91606,Charter,A
91610,Charter,A
91701,Charter,A
91702,Charter,A
91706,Charter,A
91722,Charter,A
91723,Charter,A
91724,Charter,A
91729,Charter,A
91730,Charter,A
91731,Charter,A
91733,Charter,A
91737,Charter,A
91739,Charter,A
91740,Charter,A
91741,Charter,A
91744,Charter,A
91746,Charter,A
91748,Charter,A
91752,Charter,A
91754,Charter,A
91755,Charter,A
91761,Charter,A
91762,Charter,A
91764,Charter,A
91768,Charter,A
91770,Charter,A
91773,Charter,A
91775,Charter,A
91776,Charter,A
91778,Charter,A
91780,Charter,A
91784,Charter,A
91788,Charter,A
91789,Charter,A
91790,Charter,A
91791,Charter,A
91792,Charter,A
91793,Charter,A
91801,Charter,A
91802,Charter,A
91803,Charter,A
92101,Charter,A
92201,Charter,A
92301,Charter,A
92305,Charter,A
92307,Charter,A
92308,Charter,A
92314,Charter,A
92315,Charter,A
92316,Charter,A
92317,Charter,A
92321,Charter,A
92322,Charter,A
92325,Charter,A
92326,Charter,A
92333,Charter,A
92335,Charter,A
92336,Charter,A
92337,Charter,A
92339,Charter,A
92340,Charter,A
92341,Charter,A
92342,Charter,A
92344,Charter,A
92345,Charter,A
92352,Charter,A
92359,Charter,A
92368,Charter,A
92371,Charter,A
92372,Charter,A
92378,Charter,A
92382,Charter,A
92385,Charter,A
92386,Charter,A
92391,Charter,A
92392,Charter,A
92394,Charter,A
92395,Charter,A
92397,Charter,A
92399,Charter,A
92404,Charter,A
92405,Charter,A
92407,Charter,A
92408,Charter,A
92415,Charter,A
92501,Charter,A
92503,Charter,A
92504,Charter,A
92505,Charter,A
92506,Charter,A
92507,Charter,A
92508,Charter,A
92509,Charter,A
92514,Charter,A
92518,Charter,A
92521,Charter,A
92522,Charter,A
92530,Charter,A
92545,Charter,A
92583,Charter,A
92606,Charter,A
92614,Charter,A
92617,Charter,A
92618,Charter,A
92626,Charter,A
92646,Charter,A
92648,Charter,A
92656,Charter,A
92780,Charter,A
92860,Charter,A
92865,Charter,A
92868,Charter,A
92879,Charter,A
92880,Charter,A
92883,Charter,A
93001,Charter,A
93003,Charter,A
93022,Charter,A
93036,Charter,A
93063,Charter,A
93065,Charter,A
93105,Charter,A
93201,Charter,A
93208,Charter,A
93218,Charter,A
93219,Charter,A
93221,Charter,A
93223,Charter,A
93235,Charter,A
93244,Charter,A
93247,Charter,A
93256,Charter,A
93257,Charter,A
93261,Charter,A
93265,Charter,A
93267,Charter,A
93270,Charter,A
93271,Charter,A
93272,Charter,A
93274,Charter,A
93286,Charter,A
93291,Charter,A
93292,Charter,A
93308,Charter,A
93401,Charter,A
93402,Charter,A
93405,Charter,A
93407,Charter,A
93408,Charter,A
93410,Charter,A
93420,Charter,A
93422,Charter,A
93424,Charter,A
93428,Charter,A
93430,Charter,A
93433,Charter,A
93434,Charter,A
93442,Charter,A
93444,Charter,A
93445,Charter,A
93446,Charter,A
93449,Charter,A
93451,Charter,A
93453,Charter,A
93454,Charter,A
93465,Charter,A
93501,Charter,A
93505,Charter,A
93516,Charter,A
93523,Charter,A
93524,Charter,A
93534,Charter,A
93560,Charter,A
93615,Charter,A
93618,Charter,A
93635,Charter,A
93646,Charter,A
93647,Charter,A
93901,Charter,A
93902,Charter,A
93905,Charter,A
93906,Charter,A
93907,Charter,A
93908,Charter,A
93923,Charter,A
93924,Charter,A
93925,Charter,A
93926,Charter,A
93927,Charter,A
93930,Charter,A
93940,Charter,A
93960,Charter,A
94105,Charter,A
94110,Charter,A
94583,Charter,A
94588,Charter,A
95003,Charter,A
95004,Charter,A
95010,Charter,A
95012,Charter,A
95019,Charter,A
95020,Charter,A
95023,Charter,A
95037,Charter,A
95038,Charter,A
95039,Charter,A
95045,Charter,A
95046,Charter,A
95060,Charter,A
95062,Charter,A
95065,Charter,A
95073,Charter,A
95075,Charter,A
95076,Charter,A
95119,Charter,A
95131,Charter,A
95139,Charter,A
95206,Charter,A
95307,Charter,A
95315,Charter,A
95316,Charter,A
95319,Charter,A
95320,Charter,A
95323,Charter,A
95324,Charter,A
95326,Charter,A
95328,Charter,A
95334,Charter,A
95351,Charter,A
95354,Charter,A
95355,Charter,A
95356,Charter,A
95357,Charter,A
95358,Charter,A
95361,Charter,A
95366,Charter,A
95367,Charter,A
95368,Charter,A
95380,Charter,A
95382,Charter,A
95386,Charter,A
95388,Charter,A
95501,Charter,A
95531,Charter,A
95532,Charter,A
95543,Charter,A
95567,Charter,A
95661,Charter,A
95816,Charter,A
96001,Charter,A
96002,Charter,A
96003,Charter,A
96007,Charter,A
96019,Charter,A
96022,Charter,A
96055,Charter,A
96073,Charter,A
96080,Charter,A
96089,Charter,A
96099,Charter,A
96101,Charter,A
96140,Charter,A
96143,Charter,A
96145,Charter,A
96146,Charter,A
96148,Charter,A
96150,Charter,A
96161,Charter,A
80002,Charter,A
80014,Charter,A
80109,Charter,A
80111,Charter,A
80206,Charter,A
80221,Charter,A
80234,Charter,A
80301,Charter,A
80461,Charter,A
80487,Charter,A
80653,Charter,A
80701,Charter,A
80705,Charter,A
80722,Charter,A
80723,Charter,A
80728,Charter,A
80733,Charter,A
80751,Charter,A
80926,Charter,A
81004,Charter,A
81019,Charter,A
81030,Charter,A
81039,Charter,A
81050,Charter,A
81052,Charter,A
81058,Charter,A
81067,Charter,A
81069,Charter,A
81077,Charter,A
81089,Charter,A
81101,Charter,A
81132,Charter,A
81136,Charter,A
81144,Charter,A
81146,Charter,A
81201,Charter,A
81211,Charter,A
81212,Charter,A
81220,Charter,A
81221,Charter,A
81226,Charter,A
81227,Charter,A
81228,Charter,A
81236,Charter,A
81240,Charter,A
81242,Charter,A
81244,Charter,A
81251,Charter,A
81252,Charter,A
81253,Charter,A
81290,Charter,A
81301,Charter,A
81303,Charter,A
81321,Charter,A
81323,Charter,A
81324,Charter,A
81326,Charter,A
81328,Charter,A
81330,Charter,A
81401,Charter,A
81403,Charter,A
81415,Charter,A
81416,Charter,A
81425,Charter,A
81428,Charter,A
81501,Charter,A
81503,Charter,A
81504,Charter,A
81505,Charter,A
81506,Charter,A
81507,Charter,A
81520,Charter,A
81521,Charter,A
81524,Charter,A
81526,Charter,A
81624,Charter,A
81625,Charter,A
81638,Charter,A
81639,Charter,A
81640,Charter,A
81641,Charter,A
81648,Charter,A
81650,Charter,A
81653,Charter,A
6013,Charter,A
6019,Charter,A
6021,Charter,A
6043,Charter,A
6057,Charter,A
6061,Charter,A
6063,Charter,A
6065,Charter,A
6066,Charter,A
6069,Charter,A
6071,Charter,A
6082,Charter,A
6084,Charter,A
6091,Charter,A
6098,Charter,A
6226,Charter,A
6230,Charter,A
6232,Charter,A
6234,Charter,A
6235,Charter,A
6237,Charter,A
6238,Charter,A
6239,Charter,A
6242,Charter,A
6244,Charter,A
6246,Charter,A
6247,Charter,A
6249,Charter,A
6250,Charter,A
6251,Charter,A
6255,Charter,A
6256,Charter,A
6258,Charter,A
6259,Charter,A
6260,Charter,A
6262,Charter,A
6264,Charter,A
6266,Charter,A
6267,Charter,A
6268,Charter,A
6269,Charter,A
6277,Charter,A
6278,Charter,A
6279,Charter,A
6280,Charter,A
6281,Charter,A
6282,Charter,A
6330,Charter,A
6331,Charter,A
6334,Charter,A
6336,Charter,A
6351,Charter,A
6374,Charter,A
6404,Charter,A
6415,Charter,A
6418,Charter,A
6440,Charter,A
6468,Charter,A
6470,Charter,A
6478,Charter,A
6482,Charter,A
6484,Charter,A
6488,Charter,A
6491,Charter,A
6492,Charter,A
6604,Charter,A
6606,Charter,A
6610,Charter,A
6611,Charter,A
6612,Charter,A
6614,Charter,A
6708,Charter,A
6750,Charter,A
6751,Charter,A
6752,Charter,A
6754,Charter,A
6755,Charter,A
6757,Charter,A
6762,Charter,A
6763,Charter,A
6776,Charter,A
6777,Charter,A
6783,Charter,A
6784,Charter,A
6785,Charter,A
6790,Charter,A
6791,Charter,A
6793,Charter,A
6794,Charter,A
6795,Charter,A
6798,Charter,A
6801,Charter,A
6804,Charter,A
6811,Charter,A
6812,Charter,A
6816,Charter,A
6825,Charter,A
6901,Charter,A
6902,Charter,A
30004,Charter,A
30008,Charter,A
30009,Charter,A
30013,Charter,A
30014,Charter,A
30016,Charter,A
30017,Charter,A
30019,Charter,A
30022,Charter,A
30024,Charter,A
30025,Charter,A
30039,Charter,A
30043,Charter,A
30044,Charter,A
30045,Charter,A
30046,Charter,A
30047,Charter,A
30049,Charter,A
30052,Charter,A
30054,Charter,A
30060,Charter,A
30062,Charter,A
30067,Charter,A
30068,Charter,A
30070,Charter,A
30071,Charter,A
30075,Charter,A
30076,Charter,A
30077,Charter,A
30078,Charter,A
30080,Charter,A
30082,Charter,A
30092,Charter,A
30093,Charter,A
30094,Charter,A
30096,Charter,A
30097,Charter,A
30099,Charter,A
30104,Charter,A
30106,Charter,A
30108,Charter,A
30110,Charter,A
30112,Charter,A
30113,Charter,A
30114,Charter,A
30116,Charter,A
30117,Charter,A
30118,Charter,A
30119,Charter,A
30124,Charter,A
30125,Charter,A
30126,Charter,A
30135,Charter,A
30140,Charter,A
30144,Charter,A
30153,Charter,A
30161,Charter,A
30170,Charter,A
30173,Charter,A
30176,Charter,A
30179,Charter,A
30180,Charter,A
30182,Charter,A
30188,Charter,A
30204,Charter,A
30206,Charter,A
30216,Charter,A
30217,Charter,A
30220,Charter,A
30222,Charter,A
30223,Charter,A
30224,Charter,A
30228,Charter,A
30229,Charter,A
30230,Charter,A
30233,Charter,A
30234,Charter,A
30236,Charter,A
30240,Charter,A
30241,Charter,A
30248,Charter,A
30251,Charter,A
30252,Charter,A
30253,Charter,A
30256,Charter,A
30257,Charter,A
30258,Charter,A
30259,Charter,A
30263,Charter,A
30265,Charter,A
30268,Charter,A
30273,Charter,A
30275,Charter,A
30276,Charter,A
30277,Charter,A
30281,Charter,A
30286,Charter,A
30289,Charter,A
30292,Charter,A
30293,Charter,A
30294,Charter,A
30295,Charter,A
30297,Charter,A
30303,Charter,A
30305,Charter,A
30315,Charter,A
30318,Charter,A
30327,Charter,A
30328,Charter,A
30331,Charter,A
30339,Charter,A
30341,Charter,A
30350,Charter,A
30467,Charter,A
30501,Charter,A
30502,Charter,A
30504,Charter,A
30506,Charter,A
30507,Charter,A
30515,Charter,A
30517,Charter,A
30518,Charter,A
30519,Charter,A
30527,Charter,A
30528,Charter,A
30530,Charter,A
30533,Charter,A
30534,Charter,A
30542,Charter,A
30543,Charter,A
30548,Charter,A
30553,Charter,A
30554,Charter,A
30564,Charter,A
30566,Charter,A
30601,Charter,A
30602,Charter,A
30604,Charter,A
30605,Charter,A
30606,Charter,A
30607,Charter,A
30609,Charter,A
30612,Charter,A
30619,Charter,A
30621,Charter,A
30622,Charter,A
30628,Charter,A
30629,Charter,A
30630,Charter,A
30633,Charter,A
30642,Charter,A
30643,Charter,A
30646,Charter,A
30647,Charter,A
30648,Charter,A
30650,Charter,A
30655,Charter,A
30663,Charter,A
30666,Charter,A
30669,Charter,A
30677,Charter,A
30680,Charter,A
30683,Charter,A
30705,Charter,A
30707,Charter,A
30708,Charter,A
30710,Charter,A
30711,Charter,A
30720,Charter,A
30721,Charter,A
30724,Charter,A
30726,Charter,A
30728,Charter,A
30730,Charter,A
30731,Charter,A
30735,Charter,A
30736,Charter,A
30738,Charter,A
30739,Charter,A
30740,Charter,A
30741,Charter,A
30742,Charter,A
30747,Charter,A
30750,Charter,A
30751,Charter,A
30752,Charter,A
30753,Charter,A
30755,Charter,A
30756,Charter,A
30757,Charter,A
31014,Charter,A
31021,Charter,A
31022,Charter,A
31024,Charter,A
31026,Charter,A
31027,Charter,A
31029,Charter,A
31031,Charter,A
31032,Charter,A
31034,Charter,A
31036,Charter,A
31061,Charter,A
31062,Charter,A
31082,Charter,A
31089,Charter,A
31091,Charter,A
31139,Charter,A
31554,Charter,A
31804,Charter,A
31805,Charter,A
31807,Charter,A
31808,Charter,A
31811,Charter,A
31816,Charter,A
31822,Charter,A
31823,Charter,A
31826,Charter,A
31827,Charter,A
31830,Charter,A
31831,Charter,A
31833,Charter,A
31836,Charter,A
31901,Charter,A
31903,Charter,A
31904,Charter,A
31905,Charter,A
31906,Charter,A
31907,Charter,A
31909,Charter,A
31917,Charter,A
31999,Charter,A
39817,Charter,A
60033,Charter,A
60047,Charter,A
60071,Charter,A
60081,Charter,A
60098,Charter,A
60135,Charter,A
60145,Charter,A
60152,Charter,A
60178,Charter,A
60180,Charter,A
60440,Charter,A
60523,Charter,A
60538,Charter,A
60613,Charter,A
60616,Charter,A
60631,Charter,A
60654,Charter,A
60914,Charter,A
61008,Charter,A
61032,Charter,A
61072,Charter,A
61073,Charter,A
61080,Charter,A
61081,Charter,A
61101,Charter,A
61102,Charter,A
61111,Charter,A
61115,Charter,A
61254,Charter,A
61265,Charter,A
61350,Charter,A
61401,Charter,A
61550,Charter,A
61701,Charter,A
61705,Charter,A
61802,Charter,A
61822,Charter,A
62002,Charter,A
62010,Charter,A
62012,Charter,A
62016,Charter,A
62018,Charter,A
62024,Charter,A
62025,Charter,A
62034,Charter,A
62035,Charter,A
62040,Charter,A
62048,Charter,A
62049,Charter,A
62052,Charter,A
62059,Charter,A
62060,Charter,A
62061,Charter,A
62062,Charter,A
62067,Charter,A
62084,Charter,A
62087,Charter,A
62090,Charter,A
62095,Charter,A
62201,Charter,A
62203,Charter,A
62204,Charter,A
62205,Charter,A
62206,Charter,A
62207,Charter,A
62208,Charter,A
62214,Charter,A
62215,Charter,A
62216,Charter,A
62218,Charter,A
62219,Charter,A
62220,Charter,A
62221,Charter,A
62223,Charter,A
62225,Charter,A
62226,Charter,A
62230,Charter,A
62231,Charter,A
62232,Charter,A
62234,Charter,A
62236,Charter,A
62239,Charter,A
62240,Charter,A
62243,Charter,A
62245,Charter,A
62246,Charter,A
62249,Charter,A
62254,Charter,A
62258,Charter,A
62260,Charter,A
62263,Charter,A
62265,Charter,A
62266,Charter,A
62269,Charter,A
62271,Charter,A
62275,Charter,A
62278,Charter,A
62281,Charter,A
62282,Charter,A
62286,Charter,A
62289,Charter,A
62293,Charter,A
62294,Charter,A
62298,Charter,A
62301,Charter,A
62450,Charter,A
62521,Charter,A
62523,Charter,A
62650,Charter,A
62704,Charter,A
62715,Charter,A
62801,Charter,A
62803,Charter,A
62808,Charter,A
62814,Charter,A
62831,Charter,A
62864,Charter,A
62870,Charter,A
62872,Charter,A
62881,Charter,A
62882,Charter,A
62896,Charter,A
62898,Charter,A
62959,Charter,A
70002,Charter,A
70003,Charter,A
70043,Charter,A
70070,Charter,A
70071,Charter,A
70090,Charter,A
70301,Charter,A
70310,Charter,A
70340,Charter,A
70341,Charter,A
70343,Charter,A
70344,Charter,A
70346,Charter,A
70352,Charter,A
70353,Charter,A
70356,Charter,A
70360,Charter,A
70363,Charter,A
70364,Charter,A
70371,Charter,A
70372,Charter,A
70374,Charter,A
70375,Charter,A
70377,Charter,A
70380,Charter,A
70390,Charter,A
70391,Charter,A
70393,Charter,A
70394,Charter,A
70395,Charter,A
70397,Charter,A
70401,Charter,A
70402,Charter,A
70403,Charter,A
70420,Charter,A
70421,Charter,A
70422,Charter,A
70426,Charter,A
70427,Charter,A
70431,Charter,A
70433,Charter,A
70435,Charter,A
70436,Charter,A
70437,Charter,A
70438,Charter,A
70443,Charter,A
70444,Charter,A
70445,Charter,A
70446,Charter,A
70447,Charter,A
70448,Charter,A
70449,Charter,A
70451,Charter,A
70452,Charter,A
70454,Charter,A
70455,Charter,A
70456,Charter,A
70457,Charter,A
70458,Charter,A
70459,Charter,A
70460,Charter,A
70461,Charter,A
70462,Charter,A
70463,Charter,A
70464,Charter,A
70466,Charter,A
70470,Charter,A
70471,Charter,A
70503,Charter,A
70506,Charter,A
70512,Charter,A
70515,Charter,A
70516,Charter,A
70524,Charter,A
70525,Charter,A
70526,Charter,A
70534,Charter,A
70535,Charter,A
70537,Charter,A
70541,Charter,A
70543,Charter,A
70546,Charter,A
70550,Charter,A
70551,Charter,A
70556,Charter,A
70559,Charter,A
70570,Charter,A
70576,Charter,A
70577,Charter,A
70578,Charter,A
70584,Charter,A
70586,Charter,A
70589,Charter,A
70706,Charter,A
70711,Charter,A
70723,Charter,A
70726,Charter,A
70733,Charter,A
70743,Charter,A
70744,Charter,A
70754,Charter,A
70763,Charter,A
70769,Charter,A
70774,Charter,A
70785,Charter,A
70809,Charter,A
1002,Charter,A
1003,Charter,A
1005,Charter,A
1007,Charter,A
1009,Charter,A
1010,Charter,A
1013,Charter,A
1020,Charter,A
1022,Charter,A
1027,Charter,A
1028,Charter,A
1033,Charter,A
1035,Charter,A
1036,Charter,A
1040,Charter,A
1056,Charter,A
1057,Charter,A
1060,Charter,A
1068,Charter,A
1069,Charter,A
1073,Charter,A
1074,Charter,A
1075,Charter,A
1080,Charter,A
1081,Charter,A
1082,Charter,A
1083,Charter,A
1085,Charter,A
1089,Charter,A
1095,Charter,A
1103,Charter,A
1104,Charter,A
1105,Charter,A
1106,Charter,A
1107,Charter,A
1108,Charter,A
1118,Charter,A
1128,Charter,A
1129,Charter,A
1151,Charter,A
1201,Charter,A
1224,Charter,A
1225,Charter,A
1226,Charter,A
1230,Charter,A
1235,Charter,A
1236,Charter,A
1237,Charter,A
1266,Charter,A
1366,Charter,A
1375,Charter,A
1376,Charter,A
1432,Charter,A
1434,Charter,A
1450,Charter,A
1451,Charter,A
1452,Charter,A
1460,Charter,A
1463,Charter,A
1467,Charter,A
1468,Charter,A
1469,Charter,A
1471,Charter,A
1472,Charter,A
1473,Charter,A
1501,Charter,A
1503,Charter,A
1504,Charter,A
1505,Charter,A
1506,Charter,A
1507,Charter,A
1508,Charter,A
1510,Charter,A
1515,Charter,A
1516,Charter,A
1518,Charter,A
1519,Charter,A
1520,Charter,A
1521,Charter,A
1522,Charter,A
1524,Charter,A
1525,Charter,A
1526,Charter,A
1527,Charter,A
1529,Charter,A
1531,Charter,A
1532,Charter,A
1534,Charter,A
1535,Charter,A
1536,Charter,A
1537,Charter,A
1538,Charter,A
1540,Charter,A
1541,Charter,A
1542,Charter,A
1543,Charter,A
1545,Charter,A
1550,Charter,A
1560,Charter,A
1562,Charter,A
1566,Charter,A
1568,Charter,A
1569,Charter,A
1570,Charter,A
1571,Charter,A
1581,Charter,A
1583,Charter,A
1585,Charter,A
1588,Charter,A
1590,Charter,A
1602,Charter,A
1603,Charter,A
1604,Charter,A
1605,Charter,A
1606,Charter,A
1607,Charter,A
1608,Charter,A
1609,Charter,A
1610,Charter,A
1611,Charter,A
1612,Charter,A
1613,Charter,A
1614,Charter,A
1653,Charter,A
1655,Charter,A
1701,Charter,A
1702,Charter,A
1719,Charter,A
1721,Charter,A
1740,Charter,A
1745,Charter,A
1748,Charter,A
1749,Charter,A
1752,Charter,A
1756,Charter,A
1757,Charter,A
1772,Charter,A
1827,Charter,A
1879,Charter,A
1886,Charter,A
2019,Charter,A
2026,Charter,A
2171,Charter,A
2420,Charter,A
2421,Charter,A
2720,Charter,A
2747,Charter,A
2748,Charter,A
2760,Charter,A
2790,Charter,A
2791,Charter,A
20639,Charter,A
20815,Charter,A
20876,Charter,A
21817,Charter,A
21838,Charter,A
48002,Charter,A
48003,Charter,A
48009,Charter,A
48025,Charter,A
48033,Charter,A
48034,Charter,A
48051,Charter,A
48060,Charter,A
48065,Charter,A
48075,Charter,A
48084,Charter,A
48085,Charter,A
48095,Charter,A
48098,Charter,A
48103,Charter,A
48105,Charter,A
48108,Charter,A
48111,Charter,A
48116,Charter,A
48117,Charter,A
48118,Charter,A
48130,Charter,A
48131,Charter,A
48133,Charter,A
48134,Charter,A
48137,Charter,A
48139,Charter,A
48140,Charter,A
48143,Charter,A
48145,Charter,A
48150,Charter,A
48154,Charter,A
48157,Charter,A
48159,Charter,A
48161,Charter,A
48162,Charter,A
48164,Charter,A
48166,Charter,A
48167,Charter,A
48168,Charter,A
48169,Charter,A
48170,Charter,A
48174,Charter,A
48175,Charter,A
48178,Charter,A
48179,Charter,A
48182,Charter,A
48183,Charter,A
48189,Charter,A
48197,Charter,A
48213,Charter,A
48301,Charter,A
48302,Charter,A
48315,Charter,A
48317,Charter,A
48326,Charter,A
48329,Charter,A
48334,Charter,A
48346,Charter,A
48348,Charter,A
48362,Charter,A
48363,Charter,A
48366,Charter,A
48367,Charter,A
48370,Charter,A
48371,Charter,A
48375,Charter,A
48377,Charter,A
48390,Charter,A
48411,Charter,A
48412,Charter,A
48413,Charter,A
48414,Charter,A
48415,Charter,A
48417,Charter,A
48418,Charter,A
48420,Charter,A
48421,Charter,A
48423,Charter,A
48428,Charter,A
48429,Charter,A
48430,Charter,A
48433,Charter,A
48435,Charter,A
48436,Charter,A
48438,Charter,A
48439,Charter,A
48440,Charter,A
48444,Charter,A
48446,Charter,A
48449,Charter,A
48451,Charter,A
48453,Charter,A
48455,Charter,A
48457,Charter,A
48458,Charter,A
48460,Charter,A
48461,Charter,A
48462,Charter,A
48463,Charter,A
48464,Charter,A
48473,Charter,A
48476,Charter,A
48502,Charter,A
48506,Charter,A
48509,Charter,A
48519,Charter,A
48532,Charter,A
48601,Charter,A
48602,Charter,A
48603,Charter,A
48604,Charter,A
48605,Charter,A
48607,Charter,A
48609,Charter,A
48610,Charter,A
48611,Charter,A
48612,Charter,A
48615,Charter,A
48616,Charter,A
48617,Charter,A
48618,Charter,A
48620,Charter,A
48622,Charter,A
48623,Charter,A
48624,Charter,A
48625,Charter,A
48626,Charter,A
48627,Charter,A
48628,Charter,A
48629,Charter,A
48630,Charter,A
48631,Charter,A
48632,Charter,A
48633,Charter,A
48634,Charter,A
48635,Charter,A
48637,Charter,A
48638,Charter,A
48640,Charter,A
48642,Charter,A
48647,Charter,A
48649,Charter,A
48650,Charter,A
48651,Charter,A
48653,Charter,A
48654,Charter,A
48655,Charter,A
48656,Charter,A
48657,Charter,A
48658,Charter,A
48659,Charter,A
48661,Charter,A
48662,Charter,A
48663,Charter,A
48667,Charter,A
48670,Charter,A
48674,Charter,A
48703,Charter,A
48706,Charter,A
48708,Charter,A
48710,Charter,A
48721,Charter,A
48722,Charter,A
48723,Charter,A
48724,Charter,A
48725,Charter,A
48726,Charter,A
48727,Charter,A
48729,Charter,A
48730,Charter,A
48732,Charter,A
48734,Charter,A
48738,Charter,A
48739,Charter,A
48740,Charter,A
48741,Charter,A
48742,Charter,A
48743,Charter,A
48744,Charter,A
48745,Charter,A
48746,Charter,A
48747,Charter,A
48748,Charter,A
48749,Charter,A
48750,Charter,A
48755,Charter,A
48756,Charter,A
48757,Charter,A
48758,Charter,A
48759,Charter,A
48760,Charter,A
48761,Charter,A
48762,Charter,A
48763,Charter,A
48765,Charter,A
48766,Charter,A
48767,Charter,A
48768,Charter,A
48770,Charter,A
48787,Charter,A
48801,Charter,A
48809,Charter,A
48811,Charter,A
48812,Charter,A
48813,Charter,A
48817,Charter,A
48823,Charter,A
48827,Charter,A
48829,Charter,A
48830,Charter,A
48831,Charter,A
48832,Charter,A
48834,Charter,A
48835,Charter,A
48836,Charter,A
48837,Charter,A
48838,Charter,A
48841,Charter,A
48843,Charter,A
48846,Charter,A
48847,Charter,A
48850,Charter,A
48851,Charter,A
48852,Charter,A
48854,Charter,A
48855,Charter,A
48857,Charter,A
48858,Charter,A
48859,Charter,A
48860,Charter,A
48864,Charter,A
48865,Charter,A
48866,Charter,A
48867,Charter,A
48875,Charter,A
48876,Charter,A
48877,Charter,A
48878,Charter,A
48879,Charter,A
48880,Charter,A
48881,Charter,A
48883,Charter,A
48884,Charter,A
48885,Charter,A
48886,Charter,A
48888,Charter,A
48889,Charter,A
48891,Charter,A
48893,Charter,A
48895,Charter,A
48917,Charter,A
49001,Charter,A
49002,Charter,A
49003,Charter,A
49004,Charter,A
49006,Charter,A
49007,Charter,A
49008,Charter,A
49009,Charter,A
49010,Charter,A
49017,Charter,A
49021,Charter,A
49024,Charter,A
49028,Charter,A
49029,Charter,A
49030,Charter,A
49032,Charter,A
49036,Charter,A
49040,Charter,A
49041,Charter,A
49046,Charter,A
49048,Charter,A
49053,Charter,A
49055,Charter,A
49058,Charter,A
49062,Charter,A
49068,Charter,A
49070,Charter,A
49074,Charter,A
49076,Charter,A
49078,Charter,A
49080,Charter,A
49082,Charter,A
49083,Charter,A
49087,Charter,A
49091,Charter,A
49092,Charter,A
49093,Charter,A
49096,Charter,A
49097,Charter,A
49099,Charter,A
49242,Charter,A
49251,Charter,A
49252,Charter,A
49255,Charter,A
49270,Charter,A
49272,Charter,A
49274,Charter,A
49277,Charter,A
49286,Charter,A
49302,Charter,A
49303,Charter,A
49305,Charter,A
49306,Charter,A
49307,Charter,A
49311,Charter,A
49314,Charter,A
49315,Charter,A
49316,Charter,A
49318,Charter,A
49319,Charter,A
49320,Charter,A
49321,Charter,A
49322,Charter,A
49323,Charter,A
49326,Charter,A
49327,Charter,A
49328,Charter,A
49329,Charter,A
49330,Charter,A
49331,Charter,A
49332,Charter,A
49333,Charter,A
49335,Charter,A
49336,Charter,A
49337,Charter,A
49338,Charter,A
49339,Charter,A
49340,Charter,A
49341,Charter,A
49342,Charter,A
49343,Charter,A
49344,Charter,A
49345,Charter,A
49346,Charter,A
49347,Charter,A
49348,Charter,A
49349,Charter,A
49351,Charter,A
49401,Charter,A
49402,Charter,A
49403,Charter,A
49404,Charter,A
49405,Charter,A
49408,Charter,A
49409,Charter,A
49410,Charter,A
49415,Charter,A
49417,Charter,A
49418,Charter,A
49419,Charter,A
49420,Charter,A
49423,Charter,A
49424,Charter,A
49426,Charter,A
49427,Charter,A
49428,Charter,A
49430,Charter,A
49431,Charter,A
49434,Charter,A
49435,Charter,A
49437,Charter,A
49441,Charter,A
49444,Charter,A
49445,Charter,A
49446,Charter,A
49448,Charter,A
49449,Charter,A
49451,Charter,A
49452,Charter,A
49454,Charter,A
49455,Charter,A
49456,Charter,A
49457,Charter,A
49458,Charter,A
49460,Charter,A
49461,Charter,A
49464,Charter,A
49503,Charter,A
49504,Charter,A
49505,Charter,A
49508,Charter,A
49509,Charter,A
49512,Charter,A
49525,Charter,A
49534,Charter,A
49544,Charter,A
49546,Charter,A
49548,Charter,A
49601,Charter,A
49610,Charter,A
49611,Charter,A
49612,Charter,A
49613,Charter,A
49614,Charter,A
49615,Charter,A
49616,Charter,A
49617,Charter,A
49619,Charter,A
49620,Charter,A
49621,Charter,A
49622,Charter,A
49625,Charter,A
49626,Charter,A
49627,Charter,A
49628,Charter,A
49629,Charter,A
49630,Charter,A
49631,Charter,A
49633,Charter,A
49634,Charter,A
49635,Charter,A
49636,Charter,A
49637,Charter,A
49639,Charter,A
49640,Charter,A
49643,Charter,A
49645,Charter,A
49646,Charter,A
49648,Charter,A
49649,Charter,A
49650,Charter,A
49651,Charter,A
49653,Charter,A
49654,Charter,A
49657,Charter,A
49659,Charter,A
49660,Charter,A
49663,Charter,A
49664,Charter,A
49666,Charter,A
49668,Charter,A
49670,Charter,A
49673,Charter,A
49674,Charter,A
49675,Charter,A
49676,Charter,A
49677,Charter,A
49682,Charter,A
49684,Charter,A
49685,Charter,A
49686,Charter,A
49688,Charter,A
49689,Charter,A
49690,Charter,A
49696,Charter,A
49701,Charter,A
49706,Charter,A
49707,Charter,A
49712,Charter,A
49713,Charter,A
49715,Charter,A
49717,Charter,A
49718,Charter,A
49719,Charter,A
49720,Charter,A
49721,Charter,A
49722,Charter,A
49724,Charter,A
49725,Charter,A
49727,Charter,A
49729,Charter,A
49730,Charter,A
49733,Charter,A
49735,Charter,A
49738,Charter,A
49739,Charter,A
49740,Charter,A
49744,Charter,A
49747,Charter,A
49749,Charter,A
49752,Charter,A
49753,Charter,A
49755,Charter,A
49756,Charter,A
49757,Charter,A
49761,Charter,A
49764,Charter,A
49766,Charter,A
49769,Charter,A
49770,Charter,A
49774,Charter,A
49777,Charter,A
49779,Charter,A
49780,Charter,A
49781,Charter,A
49783,Charter,A
49788,Charter,A
49791,Charter,A
49795,Charter,A
49796,Charter,A
49797,Charter,A
49799,Charter,A
49801,Charter,A
49802,Charter,A
49805,Charter,A
49806,Charter,A
49807,Charter,A
49814,Charter,A
49815,Charter,A
49816,Charter,A
49820,Charter,A
49825,Charter,A
49829,Charter,A
49833,Charter,A
49835,Charter,A
49837,Charter,A
49839,Charter,A
49840,Charter,A
49841,Charter,A
49845,Charter,A
49847,Charter,A
49849,Charter,A
49852,Charter,A
49854,Charter,A
49855,Charter,A
49858,Charter,A
49862,Charter,A
49866,Charter,A
49868,Charter,A
49870,Charter,A
49871,Charter,A
49872,Charter,A
49874,Charter,A
49876,Charter,A
49878,Charter,A
49880,Charter,A
49881,Charter,A
49885,Charter,A
49886,Charter,A
49887,Charter,A
49892,Charter,A
49894,Charter,A
49895,Charter,A
49896,Charter,A
49901,Charter,A
49905,Charter,A
49908,Charter,A
49910,Charter,A
49911,Charter,A
49912,Charter,A
49913,Charter,A
49916,Charter,A
49917,Charter,A
49921,Charter,A
49922,Charter,A
49925,Charter,A
49929,Charter,A
49930,Charter,A
49931,Charter,A
49934,Charter,A
49938,Charter,A
49945,Charter,A
49946,Charter,A
49947,Charter,A
49948,Charter,A
49950,Charter,A
49953,Charter,A
49955,Charter,A
49959,Charter,A
49960,Charter,A
49963,Charter,A
49968,Charter,A
49969,Charter,A
49971,Charter,A
55009,Charter,A
55016,Charter,A
55019,Charter,A
55021,Charter,A
55024,Charter,A
55044,Charter,A
55051,Charter,A
55057,Charter,A
55060,Charter,A
55066,Charter,A
55068,Charter,A
55075,Charter,A
55089,Charter,A
55101,Charter,A
55108,Charter,A
55112,Charter,A
55113,Charter,A
55121,Charter,A
55122,Charter,A
55124,Charter,A
55155,Charter,A
55301,Charter,A
55303,Charter,A
55306,Charter,A
55308,Charter,A
55309,Charter,A
55313,Charter,A
55316,Charter,A
55321,Charter,A
55325,Charter,A
55327,Charter,A
55328,Charter,A
55329,Charter,A
55330,Charter,A
55336,Charter,A
55337,Charter,A
55341,Charter,A
55344,Charter,A
55350,Charter,A
55355,Charter,A
55358,Charter,A
55362,Charter,A
55373,Charter,A
55374,Charter,A
55376,Charter,A
55388,Charter,A
55396,Charter,A
55402,Charter,A
55403,Charter,A
55404,Charter,A
55407,Charter,A
55415,Charter,A
55416,Charter,A
55422,Charter,A
55425,Charter,A
55428,Charter,A
55430,Charter,A
55431,Charter,A
55433,Charter,A
55441,Charter,A
55445,Charter,A
55720,Charter,A
55802,Charter,A
55803,Charter,A
55804,Charter,A
55805,Charter,A
55806,Charter,A
55807,Charter,A
55808,Charter,A
55810,Charter,A
55811,Charter,A
55812,Charter,A
55901,Charter,A
55902,Charter,A
55904,Charter,A
55905,Charter,A
55906,Charter,A
55910,Charter,A
55912,Charter,A
55917,Charter,A
55920,Charter,A
55921,Charter,A
55923,Charter,A
55934,Charter,A
55939,Charter,A
55943,Charter,A
55944,Charter,A
55947,Charter,A
55952,Charter,A
55959,Charter,A
55960,Charter,A
55965,Charter,A
55969,Charter,A
55972,Charter,A
55974,Charter,A
55975,Charter,A
55976,Charter,A
55981,Charter,A
55987,Charter,A
55991,Charter,A
55992,Charter,A
56001,Charter,A
56003,Charter,A
56007,Charter,A
56013,Charter,A
56024,Charter,A
56031,Charter,A
56050,Charter,A
56069,Charter,A
56071,Charter,A
56093,Charter,A
56175,Charter,A
56201,Charter,A
56215,Charter,A
56229,Charter,A
56241,Charter,A
56251,Charter,A
56252,Charter,A
56258,Charter,A
56265,Charter,A
56267,Charter,A
56271,Charter,A
56273,Charter,A
56279,Charter,A
56288,Charter,A
56301,Charter,A
56303,Charter,A
56304,Charter,A
56307,Charter,A
56308,Charter,A
56319,Charter,A
56320,Charter,A
56334,Charter,A
56345,Charter,A
56347,Charter,A
56352,Charter,A
56359,Charter,A
56360,Charter,A
56362,Charter,A
56368,Charter,A
56369,Charter,A
56374,Charter,A
56375,Charter,A
56377,Charter,A
56378,Charter,A
56379,Charter,A
56387,Charter,A
56395,Charter,A
56401,Charter,A
56425,Charter,A
56431,Charter,A
56435,Charter,A
56438,Charter,A
56440,Charter,A
56441,Charter,A
56442,Charter,A
56444,Charter,A
56452,Charter,A
56455,Charter,A
56456,Charter,A
56465,Charter,A
56468,Charter,A
56470,Charter,A
56472,Charter,A
56473,Charter,A
56474,Charter,A
56479,Charter,A
56482,Charter,A
56501,Charter,A
56520,Charter,A
56537,Charter,A
56572,Charter,A
63005,Charter,A
63006,Charter,A
63010,Charter,A
63011,Charter,A
63012,Charter,A
63015,Charter,A
63016,Charter,A
63017,Charter,A
63019,Charter,A
63020,Charter,A
63021,Charter,A
63023,Charter,A
63025,Charter,A
63026,Charter,A
63028,Charter,A
63031,Charter,A
63033,Charter,A
63034,Charter,A
63038,Charter,A
63039,Charter,A
63040,Charter,A
63042,Charter,A
63043,Charter,A
63044,Charter,A
63045,Charter,A
63047,Charter,A
63048,Charter,A
63049,Charter,A
63050,Charter,A
63051,Charter,A
63052,Charter,A
63053,Charter,A
63055,Charter,A
63057,Charter,A
63065,Charter,A
63066,Charter,A
63069,Charter,A
63070,Charter,A
63072,Charter,A
63073,Charter,A
63074,Charter,A
63077,Charter,A
63080,Charter,A
63084,Charter,A
63087,Charter,A
63088,Charter,A
63089,Charter,A
63090,Charter,A
63099,Charter,A
63101,Charter,A
63102,Charter,A
63103,Charter,A
63104,Charter,A
63105,Charter,A
63106,Charter,A
63107,Charter,A
63108,Charter,A
63109,Charter,A
63110,Charter,A
63111,Charter,A
63112,Charter,A
63113,Charter,A
63114,Charter,A
63115,Charter,A
63116,Charter,A
63117,Charter,A
63118,Charter,A
63119,Charter,A
63120,Charter,A
63121,Charter,A
63122,Charter,A
63123,Charter,A
63124,Charter,A
63125,Charter,A
63126,Charter,A
63127,Charter,A
63128,Charter,A
63129,Charter,A
63130,Charter,A
63131,Charter,A
63132,Charter,A
63133,Charter,A
63134,Charter,A
63135,Charter,A
63136,Charter,A
63137,Charter,A
63138,Charter,A
63139,Charter,A
63140,Charter,A
63141,Charter,A
63143,Charter,A
63144,Charter,A
63145,Charter,A
63146,Charter,A
63147,Charter,A
63155,Charter,A
63160,Charter,A
63164,Charter,A
63167,Charter,A
63178,Charter,A
63182,Charter,A
63301,Charter,A
63303,Charter,A
63304,Charter,A
63333,Charter,A
63345,Charter,A
63346,Charter,A
63348,Charter,A
63352,Charter,A
63353,Charter,A
63361,Charter,A
63362,Charter,A
63363,Charter,A
63366,Charter,A
63367,Charter,A
63368,Charter,A
63376,Charter,A
63379,Charter,A
63380,Charter,A
63382,Charter,A
63383,Charter,A
63384,Charter,A
63385,Charter,A
63389,Charter,A
63390,Charter,A
63401,Charter,A
63436,Charter,A
63456,Charter,A
63461,Charter,A
63468,Charter,A
63469,Charter,A
63471,Charter,A
63601,Charter,A
63621,Charter,A
63624,Charter,A
63628,Charter,A
63637,Charter,A
63638,Charter,A
63640,Charter,A
63645,Charter,A
63650,Charter,A
63653,Charter,A
63656,Charter,A
63663,Charter,A
63664,Charter,A
63670,Charter,A
63701,Charter,A
63703,Charter,A
63736,Charter,A
63739,Charter,A
63740,Charter,A
63752,Charter,A
63755,Charter,A
63758,Charter,A
63767,Charter,A
63771,Charter,A
63775,Charter,A
63776,Charter,A
63780,Charter,A
63801,Charter,A
63822,Charter,A
63823,Charter,A
63825,Charter,A
63834,Charter,A
63841,Charter,A
63845,Charter,A
63862,Charter,A
63863,Charter,A
63866,Charter,A
63868,Charter,A
63869,Charter,A
63873,Charter,A
63901,Charter,A
63965,Charter,A
64019,Charter,A
64093,Charter,A
64108,Charter,A
64735,Charter,A
64804,Charter,A
65010,Charter,A
65020,Charter,A
65026,Charter,A
65032,Charter,A
65037,Charter,A
65047,Charter,A
65049,Charter,A
65052,Charter,A
65065,Charter,A
65072,Charter,A
65075,Charter,A
65079,Charter,A
65201,Charter,A
65202,Charter,A
65203,Charter,A
65217,Charter,A
65231,Charter,A
65233,Charter,A
65240,Charter,A
65251,Charter,A
65259,Charter,A
65262,Charter,A
65264,Charter,A
65265,Charter,A
65270,Charter,A
65275,Charter,A
65279,Charter,A
65301,Charter,A
65305,Charter,A
65336,Charter,A
65340,Charter,A
65401,Charter,A
65441,Charter,A
65453,Charter,A
65559,Charter,A
65565,Charter,A
65591,Charter,A
65616,Charter,A
65721,Charter,A
65738,Charter,A
65803,Charter,A
65804,Charter,A
65807,Charter,A
38827,Charter,A
38833,Charter,A
38838,Charter,A
38847,Charter,A
38873,Charter,A
39426,Charter,A
39457,Charter,A
39463,Charter,A
39466,Charter,A
39470,Charter,A
59002,Charter,A
59006,Charter,A
59011,Charter,A
59015,Charter,A
59018,Charter,A
59019,Charter,A
59027,Charter,A
59034,Charter,A
59036,Charter,A
59037,Charter,A
59038,Charter,A
59041,Charter,A
59044,Charter,A
59047,Charter,A
59054,Charter,A
59057,Charter,A
59063,Charter,A
59065,Charter,A
59068,Charter,A
59069,Charter,A
59072,Charter,A
59074,Charter,A
59079,Charter,A
59086,Charter,A
59087,Charter,A
59088,Charter,A
59101,Charter,A
59102,Charter,A
59105,Charter,A
59106,Charter,A
59201,Charter,A
59214,Charter,A
59215,Charter,A
59230,Charter,A
59248,Charter,A
59254,Charter,A
59261,Charter,A
59263,Charter,A
59270,Charter,A
59301,Charter,A
59313,Charter,A
59324,Charter,A
59327,Charter,A
59330,Charter,A
59337,Charter,A
59349,Charter,A
59353,Charter,A
59401,Charter,A
59402,Charter,A
59404,Charter,A
59405,Charter,A
59414,Charter,A
59417,Charter,A
59421,Charter,A
59422,Charter,A
59425,Charter,A
59427,Charter,A
59434,Charter,A
59440,Charter,A
59442,Charter,A
59457,Charter,A
59463,Charter,A
59465,Charter,A
59472,Charter,A
59474,Charter,A
59479,Charter,A
59480,Charter,A
59485,Charter,A
59487,Charter,A
59501,Charter,A
59522,Charter,A
59523,Charter,A
59525,Charter,A
59526,Charter,A
59528,Charter,A
59537,Charter,A
59538,Charter,A
59544,Charter,A
59601,Charter,A
59602,Charter,A
59620,Charter,A
59623,Charter,A
59625,Charter,A
59626,Charter,A
59631,Charter,A
59632,Charter,A
59634,Charter,A
59635,Charter,A
59636,Charter,A
59638,Charter,A
59639,Charter,A
59640,Charter,A
59643,Charter,A
59644,Charter,A
59645,Charter,A
59647,Charter,A
59701,Charter,A
59711,Charter,A
59714,Charter,A
59715,Charter,A
59716,Charter,A
59717,Charter,A
59718,Charter,A
59721,Charter,A
59722,Charter,A
59724,Charter,A
59725,Charter,A
59727,Charter,A
59730,Charter,A
59732,Charter,A
59741,Charter,A
59743,Charter,A
59746,Charter,A
59748,Charter,A
59750,Charter,A
59752,Charter,A
59754,Charter,A
59755,Charter,A
59756,Charter,A
59759,Charter,A
59801,Charter,A
59802,Charter,A
59803,Charter,A
59804,Charter,A
59807,Charter,A
59808,Charter,A
59812,Charter,A
59820,Charter,A
59821,Charter,A
59823,Charter,A
59825,Charter,A
59828,Charter,A
59829,Charter,A
59833,Charter,A
59834,Charter,A
59836,Charter,A
59837,Charter,A
59840,Charter,A
59841,Charter,A
59843,Charter,A
59846,Charter,A
59847,Charter,A
59851,Charter,A
59855,Charter,A
59858,Charter,A
59859,Charter,A
59860,Charter,A
59864,Charter,A
59868,Charter,A
59870,Charter,A
59872,Charter,A
59873,Charter,A
59875,Charter,A
59901,Charter,A
59911,Charter,A
59912,Charter,A
59919,Charter,A
59920,Charter,A
59922,Charter,A
59923,Charter,A
59925,Charter,A
59926,Charter,A
59927,Charter,A
59932,Charter,A
59937,Charter,A
27020,Charter,A
27214,Charter,A
27260,Charter,A
27291,Charter,A
27305,Charter,A
27312,Charter,A
27314,Charter,A
27330,Charter,A
27332,Charter,A
27343,Charter,A
27344,Charter,A
27355,Charter,A
27371,Charter,A
27407,Charter,A
27501,Charter,A
27504,Charter,A
27505,Charter,A
27506,Charter,A
27518,Charter,A
27521,Charter,A
27526,Charter,A
27527,Charter,A
27530,Charter,A
27534,Charter,A
27540,Charter,A
27541,Charter,A
27542,Charter,A
27543,Charter,A
27546,Charter,A
27552,Charter,A
27555,Charter,A
27559,Charter,A
27560,Charter,A
27565,Charter,A
27568,Charter,A
27569,Charter,A
27572,Charter,A
27573,Charter,A
27574,Charter,A
27576,Charter,A
27583,Charter,A
27592,Charter,A
27606,Charter,A
27831,Charter,A
27832,Charter,A
27839,Charter,A
27850,Charter,A
27851,Charter,A
27858,Charter,A
27866,Charter,A
27870,Charter,A
27890,Charter,A
27915,Charter,A
27920,Charter,A
27926,Charter,A
27927,Charter,A
27936,Charter,A
27937,Charter,A
27938,Charter,A
27943,Charter,A
27948,Charter,A
27949,Charter,A
27953,Charter,A
27954,Charter,A
27959,Charter,A
27966,Charter,A
27968,Charter,A
27972,Charter,A
27978,Charter,A
27979,Charter,A
27981,Charter,A
27982,Charter,A
28006,Charter,A
28016,Charter,A
28021,Charter,A
28027,Charter,A
28033,Charter,A
28034,Charter,A
28037,Charter,A
28043,Charter,A
28054,Charter,A
28077,Charter,A
28080,Charter,A
28090,Charter,A
28092,Charter,A
28110,Charter,A
28114,Charter,A
28117,Charter,A
28120,Charter,A
28139,Charter,A
28152,Charter,A
28160,Charter,A
28164,Charter,A
28168,Charter,A
28207,Charter,A
28217,Charter,A
28262,Charter,A
28273,Charter,A
28277,Charter,A
28323,Charter,A
28325,Charter,A
28326,Charter,A
28327,Charter,A
28328,Charter,A
28334,Charter,A
28339,Charter,A
28341,Charter,A
28349,Charter,A
28350,Charter,A
28355,Charter,A
28356,Charter,A
28360,Charter,A
28365,Charter,A
28366,Charter,A
28368,Charter,A
28387,Charter,A
28390,Charter,A
28394,Charter,A
28398,Charter,A
28403,Charter,A
28409,Charter,A
28411,Charter,A
28412,Charter,A
28428,Charter,A
28443,Charter,A
28445,Charter,A
28449,Charter,A
28453,Charter,A
28454,Charter,A
28457,Charter,A
28458,Charter,A
28460,Charter,A
28464,Charter,A
28466,Charter,A
28518,Charter,A
28521,Charter,A
28532,Charter,A
28540,Charter,A
28542,Charter,A
28543,Charter,A
28544,Charter,A
28545,Charter,A
28546,Charter,A
28547,Charter,A
28572,Charter,A
28574,Charter,A
28601,Charter,A
28602,Charter,A
28603,Charter,A
28604,Charter,A
28605,Charter,A
28606,Charter,A
28607,Charter,A
28608,Charter,A
28609,Charter,A
28610,Charter,A
28611,Charter,A
28612,Charter,A
28613,Charter,A
28616,Charter,A
28618,Charter,A
28619,Charter,A
28621,Charter,A
28622,Charter,A
28624,Charter,A
28625,Charter,A
28626,Charter,A
28627,Charter,A
28628,Charter,A
28630,Charter,A
28633,Charter,A
28635,Charter,A
28636,Charter,A
28637,Charter,A
28638,Charter,A
28645,Charter,A
28646,Charter,A
28649,Charter,A
28650,Charter,A
28651,Charter,A
28652,Charter,A
28653,Charter,A
28654,Charter,A
28655,Charter,A
28657,Charter,A
28658,Charter,A
28659,Charter,A
28661,Charter,A
28662,Charter,A
28665,Charter,A
28666,Charter,A
28667,Charter,A
28668,Charter,A
28669,Charter,A
28670,Charter,A
28671,Charter,A
28673,Charter,A
28676,Charter,A
28677,Charter,A
28678,Charter,A
28679,Charter,A
28681,Charter,A
28682,Charter,A
28683,Charter,A
28684,Charter,A
28685,Charter,A
28690,Charter,A
28692,Charter,A
28697,Charter,A
28698,Charter,A
28701,Charter,A
28704,Charter,A
28705,Charter,A
28709,Charter,A
28711,Charter,A
28712,Charter,A
28714,Charter,A
28715,Charter,A
28716,Charter,A
28721,Charter,A
28722,Charter,A
28728,Charter,A
28730,Charter,A
28732,Charter,A
28739,Charter,A
28740,Charter,A
28741,Charter,A
28745,Charter,A
28748,Charter,A
28750,Charter,A
28751,Charter,A
28752,Charter,A
28753,Charter,A
28754,Charter,A
28755,Charter,A
28757,Charter,A
28759,Charter,A
28761,Charter,A
28762,Charter,A
28770,Charter,A
28773,Charter,A
28776,Charter,A
28777,Charter,A
28778,Charter,A
28782,Charter,A
28785,Charter,A
28786,Charter,A
28787,Charter,A
28790,Charter,A
28791,Charter,A
28792,Charter,A
28801,Charter,A
28802,Charter,A
28803,Charter,A
28804,Charter,A
28805,Charter,A
28806,Charter,A
28810,Charter,A
28814,Charter,A
28815,Charter,A
68003,Charter,A
68033,Charter,A
68037,Charter,A
68048,Charter,A
68059,Charter,A
68066,Charter,A
68154,Charter,A
68310,Charter,A
68366,Charter,A
68462,Charter,A
68502,Charter,A
68508,Charter,A
68521,Charter,A
68801,Charter,A
68803,Charter,A
68810,Charter,A
68812,Charter,A
68814,Charter,A
68823,Charter,A
68824,Charter,A
68832,Charter,A
68836,Charter,A
68840,Charter,A
68845,Charter,A
68847,Charter,A
68849,Charter,A
68850,Charter,A
68852,Charter,A
68853,Charter,A
68858,Charter,A
68861,Charter,A
68862,Charter,A
68863,Charter,A
68865,Charter,A
68866,Charter,A
68869,Charter,A
68870,Charter,A
68872,Charter,A
68873,Charter,A
68876,Charter,A
68878,Charter,A
68883,Charter,A
68901,Charter,A
68920,Charter,A
68924,Charter,A
68927,Charter,A
68937,Charter,A
68939,Charter,A
68947,Charter,A
68949,Charter,A
68955,Charter,A
68956,Charter,A
68958,Charter,A
68959,Charter,A
68982,Charter,A
69101,Charter,A
69130,Charter,A
69131,Charter,A
69138,Charter,A
69145,Charter,A
69153,Charter,A
69160,Charter,A
69162,Charter,A
69165,Charter,A
69301,Charter,A
69334,Charter,A
69336,Charter,A
69341,Charter,A
69353,Charter,A
69355,Charter,A
69356,Charter,A
69357,Charter,A
69358,Charter,A
69361,Charter,A
3031,Charter,A
3033,Charter,A
3049,Charter,A
3055,Charter,A
3062,Charter,A
3063,Charter,A
3103,Charter,A
3740,Charter,A
3765,Charter,A
3774,Charter,A
3779,Charter,A
3780,Charter,A
3785,Charter,A
89014,Charter,A
89030,Charter,A
89101,Charter,A
89102,Charter,A
89139,Charter,A
89147,Charter,A
89402,Charter,A
89403,Charter,A
89406,Charter,A
89408,Charter,A
89410,Charter,A
89411,Charter,A
89413,Charter,A
89415,Charter,A
89423,Charter,A
89429,Charter,A
89431,Charter,A
89433,Charter,A
89434,Charter,A
89436,Charter,A
89439,Charter,A
89440,Charter,A
89441,Charter,A
89442,Charter,A
89447,Charter,A
89448,Charter,A
89449,Charter,A
89451,Charter,A
89460,Charter,A
89496,Charter,A
89501,Charter,A
89502,Charter,A
89503,Charter,A
89504,Charter,A
89506,Charter,A
89508,Charter,A
89509,Charter,A
89510,Charter,A
89511,Charter,A
89512,Charter,A
89519,Charter,A
89521,Charter,A
89523,Charter,A
89557,Charter,A
89595,Charter,A
89701,Charter,A
89703,Charter,A
89704,Charter,A
89705,Charter,A
89706,Charter,A
89711,Charter,A
89712,Charter,A
89713,Charter,A
10010,Charter,A
10016,Charter,A
10017,Charter,A
10020,Charter,A
10041,Charter,A
10509,Charter,A
10605,Charter,A
12017,Charter,A
12022,Charter,A
12024,Charter,A
12029,Charter,A
12037,Charter,A
12040,Charter,A
12060,Charter,A
12062,Charter,A
12075,Charter,A
12106,Charter,A
12115,Charter,A
12123,Charter,A
12125,Charter,A
12130,Charter,A
12132,Charter,A
12136,Charter,A
12138,Charter,A
12153,Charter,A
12165,Charter,A
12168,Charter,A
12173,Charter,A
12174,Charter,A
12180,Charter,A
12184,Charter,A
12195,Charter,A
12502,Charter,A
12503,Charter,A
12516,Charter,A
12517,Charter,A
12521,Charter,A
12529,Charter,A
12534,Charter,A
12544,Charter,A
12546,Charter,A
12563,Charter,A
12565,Charter,A
12567,Charter,A
12594,Charter,A
12901,Charter,A
12903,Charter,A
12911,Charter,A
12912,Charter,A
12918,Charter,A
12924,Charter,A
12929,Charter,A
12932,Charter,A
12935,Charter,A
12941,Charter,A
12944,Charter,A
12950,Charter,A
12952,Charter,A
12962,Charter,A
12964,Charter,A
12972,Charter,A
12975,Charter,A
12978,Charter,A
12981,Charter,A
12983,Charter,A
12985,Charter,A
12987,Charter,A
12992,Charter,A
12993,Charter,A
12997,Charter,A
97016,Charter,A
97031,Charter,A
97058,Charter,A
97102,Charter,A
97103,Charter,A
97107,Charter,A
97108,Charter,A
97110,Charter,A
97112,Charter,A
97118,Charter,A
97121,Charter,A
97122,Charter,A
97130,Charter,A
97131,Charter,A
97132,Charter,A
97134,Charter,A
97135,Charter,A
97136,Charter,A
97138,Charter,A
97141,Charter,A
97143,Charter,A
97146,Charter,A
97147,Charter,A
97149,Charter,A
97205,Charter,A
97230,Charter,A
97303,Charter,A
97338,Charter,A
97341,Charter,A
97344,Charter,A
97351,Charter,A
97352,Charter,A
97361,Charter,A
97364,Charter,A
97365,Charter,A
97366,Charter,A
97367,Charter,A
97368,Charter,A
97369,Charter,A
97371,Charter,A
97376,Charter,A
97380,Charter,A
97381,Charter,A
97388,Charter,A
97391,Charter,A
97394,Charter,A
97402,Charter,A
97408,Charter,A
97411,Charter,A
97413,Charter,A
97415,Charter,A
97417,Charter,A
97420,Charter,A
97423,Charter,A
97424,Charter,A
97426,Charter,A
97431,Charter,A
97432,Charter,A
97435,Charter,A
97437,Charter,A
97438,Charter,A
97439,Charter,A
97441,Charter,A
97444,Charter,A
97449,Charter,A
97450,Charter,A
97452,Charter,A
97453,Charter,A
97454,Charter,A
97455,Charter,A
97457,Charter,A
97458,Charter,A
97459,Charter,A
97461,Charter,A
97462,Charter,A
97463,Charter,A
97464,Charter,A
97465,Charter,A
97467,Charter,A
97469,Charter,A
97470,Charter,A
97471,Charter,A
97476,Charter,A
97477,Charter,A
97478,Charter,A
97479,Charter,A
97487,Charter,A
97488,Charter,A
97489,Charter,A
97491,Charter,A
97492,Charter,A
97493,Charter,A
97494,Charter,A
97495,Charter,A
97496,Charter,A
97498,Charter,A
97499,Charter,A
97501,Charter,A
97502,Charter,A
97503,Charter,A
97504,Charter,A
97520,Charter,A
97523,Charter,A
97524,Charter,A
97525,Charter,A
97526,Charter,A
97527,Charter,A
97528,Charter,A
97530,Charter,A
97531,Charter,A
97532,Charter,A
97533,Charter,A
97535,Charter,A
97537,Charter,A
97538,Charter,A
97540,Charter,A
97543,Charter,A
97601,Charter,A
97603,Charter,A
97627,Charter,A
97630,Charter,A
97634,Charter,A
97701,Charter,A
97720,Charter,A
97738,Charter,A
97801,Charter,A
97813,Charter,A
97814,Charter,A
97826,Charter,A
97838,Charter,A
97850,Charter,A
97859,Charter,A
97862,Charter,A
97868,Charter,A
97875,Charter,A
97883,Charter,A
97886,Charter,A
29108,Charter,A
29178,Charter,A
29301,Charter,A
29302,Charter,A
29303,Charter,A
29306,Charter,A
29307,Charter,A
29316,Charter,A
29319,Charter,A
29320,Charter,A
29321,Charter,A
29322,Charter,A
29323,Charter,A
29324,Charter,A
29325,Charter,A
29329,Charter,A
29330,Charter,A
29331,Charter,A
29333,Charter,A
29334,Charter,A
29335,Charter,A
29336,Charter,A
29338,Charter,A
29340,Charter,A
29341,Charter,A
29346,Charter,A
29348,Charter,A
29349,Charter,A
29351,Charter,A
29353,Charter,A
29356,Charter,A
29360,Charter,A
29364,Charter,A
29365,Charter,A
29368,Charter,A
29369,Charter,A
29370,Charter,A
29372,Charter,A
29373,Charter,A
29374,Charter,A
29375,Charter,A
29376,Charter,A
29377,Charter,A
29378,Charter,A
29379,Charter,A
29385,Charter,A
29386,Charter,A
29388,Charter,A
29483,Charter,A
29601,Charter,A
29602,Charter,A
29604,Charter,A
29605,Charter,A
29606,Charter,A
29607,Charter,A
29608,Charter,A
29609,Charter,A
29610,Charter,A
29611,Charter,A
29613,Charter,A
29614,Charter,A
29615,Charter,A
29616,Charter,A
29617,Charter,A
29620,Charter,A
29621,Charter,A
29624,Charter,A
29625,Charter,A
29626,Charter,A
29627,Charter,A
29630,Charter,A
29631,Charter,A
29636,Charter,A
29638,Charter,A
29639,Charter,A
29640,Charter,A
29642,Charter,A
29643,Charter,A
29644,Charter,A
29645,Charter,A
29646,Charter,A
29649,Charter,A
29650,Charter,A
29651,Charter,A
29654,Charter,A
29655,Charter,A
29656,Charter,A
29657,Charter,A
29661,Charter,A
29662,Charter,A
29669,Charter,A
29670,Charter,A
29671,Charter,A
29672,Charter,A
29673,Charter,A
29676,Charter,A
29677,Charter,A
29678,Charter,A
29680,Charter,A
29681,Charter,A
29682,Charter,A
29683,Charter,A
29684,Charter,A
29685,Charter,A
29686,Charter,A
29687,Charter,A
29688,Charter,A
29689,Charter,A
29690,Charter,A
29691,Charter,A
29692,Charter,A
29696,Charter,A
29697,Charter,A
29702,Charter,A
29706,Charter,A
29742,Charter,A
29835,Charter,A
29902,Charter,A
29903,Charter,A
29905,Charter,A
29906,Charter,A
29907,Charter,A
29909,Charter,A
29910,Charter,A
29926,Charter,A
29931,Charter,A
29935,Charter,A
29936,Charter,A
29940,Charter,A
29941,Charter,A
29945,Charter,A
37010,Charter,A
37012,Charter,A
37015,Charter,A
37016,Charter,A
37018,Charter,A
37019,Charter,A
37020,Charter,A
37032,Charter,A
37033,Charter,A
37035,Charter,A
37040,Charter,A
37042,Charter,A
37043,Charter,A
37044,Charter,A
37046,Charter,A
37051,Charter,A
37052,Charter,A
37059,Charter,A
37064,Charter,A
37067,Charter,A
37073,Charter,A
37080,Charter,A
37087,Charter,A
37090,Charter,A
37091,Charter,A
37095,Charter,A
37098,Charter,A
37101,Charter,A
37110,Charter,A
37122,Charter,A
37137,Charter,A
37146,Charter,A
37160,Charter,A
37167,Charter,A
37171,Charter,A
37172,Charter,A
37174,Charter,A
37179,Charter,A
37183,Charter,A
37184,Charter,A
37191,Charter,A
37203,Charter,A
37217,Charter,A
37228,Charter,A
37301,Charter,A
37303,Charter,A
37305,Charter,A
37308,Charter,A
37309,Charter,A
37310,Charter,A
37311,Charter,A
37312,Charter,A
37313,Charter,A
37321,Charter,A
37322,Charter,A
37323,Charter,A
37327,Charter,A
37328,Charter,A
37330,Charter,A
37332,Charter,A
37334,Charter,A
37335,Charter,A
37336,Charter,A
37338,Charter,A
37339,Charter,A
37340,Charter,A
37341,Charter,A
37342,Charter,A
37347,Charter,A
37348,Charter,A
37352,Charter,A
37353,Charter,A
37354,Charter,A
37355,Charter,A
37356,Charter,A
37357,Charter,A
37360,Charter,A
37363,Charter,A
37365,Charter,A
37367,Charter,A
37374,Charter,A
37375,Charter,A
37378,Charter,A
37380,Charter,A
37381,Charter,A
37382,Charter,A
37383,Charter,A
37387,Charter,A
37388,Charter,A
37394,Charter,A
37396,Charter,A
37397,Charter,A
37398,Charter,A
37405,Charter,A
37408,Charter,A
37412,Charter,A
37415,Charter,A
37421,Charter,A
37601,Charter,A
37604,Charter,A
37605,Charter,A
37614,Charter,A
37615,Charter,A
37617,Charter,A
37618,Charter,A
37620,Charter,A
37621,Charter,A
37640,Charter,A
37642,Charter,A
37643,Charter,A
37645,Charter,A
37650,Charter,A
37658,Charter,A
37660,Charter,A
37663,Charter,A
37664,Charter,A
37665,Charter,A
37669,Charter,A
37680,Charter,A
37682,Charter,A
37683,Charter,A
37686,Charter,A
37687,Charter,A
37691,Charter,A
37694,Charter,A
37701,Charter,A
37708,Charter,A
37711,Charter,A
37725,Charter,A
37737,Charter,A
37738,Charter,A
37760,Charter,A
37763,Charter,A
37764,Charter,A
37769,Charter,A
37771,Charter,A
37772,Charter,A
37774,Charter,A
37777,Charter,A
37801,Charter,A
37803,Charter,A
37804,Charter,A
37811,Charter,A
37813,Charter,A
37814,Charter,A
37820,Charter,A
37821,Charter,A
37846,Charter,A
37853,Charter,A
37857,Charter,A
37860,Charter,A
37861,Charter,A
37862,Charter,A
37863,Charter,A
37865,Charter,A
37869,Charter,A
37871,Charter,A
37873,Charter,A
37874,Charter,A
37876,Charter,A
37877,Charter,A
37880,Charter,A
37885,Charter,A
37886,Charter,A
37888,Charter,A
37890,Charter,A
37891,Charter,A
37902,Charter,A
37912,Charter,A
37920,Charter,A
37922,Charter,A
37923,Charter,A
37932,Charter,A
37933,Charter,A
37934,Charter,A
38001,Charter,A
38006,Charter,A
38017,Charter,A
38034,Charter,A
38050,Charter,A
38059,Charter,A
38063,Charter,A
38118,Charter,A
38201,Charter,A
38220,Charter,A
38222,Charter,A
38223,Charter,A
38225,Charter,A
38229,Charter,A
38230,Charter,A
38231,Charter,A
38235,Charter,A
38237,Charter,A
38238,Charter,A
38240,Charter,A
38242,Charter,A
38251,Charter,A
38253,Charter,A
38255,Charter,A
38256,Charter,A
38258,Charter,A
38259,Charter,A
38260,Charter,A
38261,Charter,A
38271,Charter,A
38301,Charter,A
38305,Charter,A
38310,Charter,A
38313,Charter,A
38315,Charter,A
38317,Charter,A
38318,Charter,A
38320,Charter,A
38324,Charter,A
38327,Charter,A
38328,Charter,A
38329,Charter,A
38334,Charter,A
38337,Charter,A
38338,Charter,A
38340,Charter,A
38342,Charter,A
38343,Charter,A
38344,Charter,A
38345,Charter,A
38351,Charter,A
38355,Charter,A
38356,Charter,A
38358,Charter,A
38359,Charter,A
38361,Charter,A
38362,Charter,A
38363,Charter,A
38366,Charter,A
38370,Charter,A
38372,Charter,A
38375,Charter,A
38378,Charter,A
38382,Charter,A
38388,Charter,A
38390,Charter,A
38391,Charter,A
38401,Charter,A
38425,Charter,A
38450,Charter,A
38451,Charter,A
38452,Charter,A
38456,Charter,A
38461,Charter,A
38462,Charter,A
38463,Charter,A
38464,Charter,A
38468,Charter,A
38469,Charter,A
38474,Charter,A
38478,Charter,A
38481,Charter,A
38482,Charter,A
38483,Charter,A
38485,Charter,A
38486,Charter,A
38487,Charter,A
38501,Charter,A
38503,Charter,A
38505,Charter,A
38506,Charter,A
38544,Charter,A
38545,Charter,A
38547,Charter,A
38550,Charter,A
38555,Charter,A
38559,Charter,A
38563,Charter,A
38567,Charter,A
38571,Charter,A
38572,Charter,A
38574,Charter,A
38579,Charter,A
38581,Charter,A
38583,Charter,A
38585,Charter,A
38587,Charter,A
75001,Charter,A
75006,Charter,A
75007,Charter,A
75010,Charter,A
75011,Charter,A
75022,Charter,A
75032,Charter,A
75038,Charter,A
75054,Charter,A
75056,Charter,A
75062,Charter,A
75065,Charter,A
75067,Charter,A
75069,Charter,A
75077,Charter,A
75082,Charter,A
75087,Charter,A
75104,Charter,A
75115,Charter,A
75116,Charter,A
75119,Charter,A
75134,Charter,A
75137,Charter,A
75142,Charter,A
75152,Charter,A
75154,Charter,A
75165,Charter,A
75167,Charter,A
75201,Charter,A
75204,Charter,A
75205,Charter,A
75206,Charter,A
75207,Charter,A
75209,Charter,A
75215,Charter,A
75219,Charter,A
75220,Charter,A
75223,Charter,A
75225,Charter,A
75227,Charter,A
75234,Charter,A
75235,Charter,A
75236,Charter,A
75237,Charter,A
75244,Charter,A
75247,Charter,A
75248,Charter,A
75249,Charter,A
75254,Charter,A
75275,Charter,A
75287,Charter,A
75360,Charter,A
75370,Charter,A
76001,Charter,A
76002,Charter,A
76008,Charter,A
76011,Charter,A
76012,Charter,A
76013,Charter,A
76015,Charter,A
76016,Charter,A
76017,Charter,A
76018,Charter,A
76020,Charter,A
76021,Charter,A
76022,Charter,A
76028,Charter,A
76031,Charter,A
76033,Charter,A
76034,Charter,A
76036,Charter,A
76039,Charter,A
76040,Charter,A
76043,Charter,A
76048,Charter,A
76049,Charter,A
76051,Charter,A
76052,Charter,A
76053,Charter,A
76054,Charter,A
76058,Charter,A
76059,Charter,A
76060,Charter,A
76063,Charter,A
76065,Charter,A
76066,Charter,A
76082,Charter,A
76085,Charter,A
76086,Charter,A
76087,Charter,A
76088,Charter,A
76092,Charter,A
76101,Charter,A
76102,Charter,A
76103,Charter,A
76104,Charter,A
76105,Charter,A
76106,Charter,A
76107,Charter,A
76108,Charter,A
76109,Charter,A
76110,Charter,A
76111,Charter,A
76112,Charter,A
76114,Charter,A
76115,Charter,A
76116,Charter,A
76117,Charter,A
76118,Charter,A
76119,Charter,A
76120,Charter,A
76123,Charter,A
76126,Charter,A
76127,Charter,A
76129,Charter,A
76131,Charter,A
76132,Charter,A
76133,Charter,A
76134,Charter,A
76135,Charter,A
76137,Charter,A
76140,Charter,A
76147,Charter,A
76148,Charter,A
76155,Charter,A
76162,Charter,A
76164,Charter,A
76177,Charter,A
76179,Charter,A
76180,Charter,A
76182,Charter,A
76190,Charter,A
76196,Charter,A
76199,Charter,A
76201,Charter,A
76203,Charter,A
76204,Charter,A
76205,Charter,A
76207,Charter,A
76208,Charter,A
76209,Charter,A
76210,Charter,A
76226,Charter,A
76227,Charter,A
76234,Charter,A
76244,Charter,A
76247,Charter,A
76248,Charter,A
76262,Charter,A
76266,Charter,A
76450,Charter,A
76457,Charter,A
76476,Charter,A
76710,Charter,A
77025,Charter,A
77040,Charter,A
77056,Charter,A
77060,Charter,A
77073,Charter,A
77084,Charter,A
77090,Charter,A
77094,Charter,A
77095,Charter,A
77301,Charter,A
77302,Charter,A
77316,Charter,A
77338,Charter,A
77339,Charter,A
77354,Charter,A
77355,Charter,A
77373,Charter,A
77375,Charter,A
77377,Charter,A
77379,Charter,A
77380,Charter,A
77381,Charter,A
77382,Charter,A
77384,Charter,A
77385,Charter,A
77386,Charter,A
77388,Charter,A
77389,Charter,A
77391,Charter,A
77410,Charter,A
77429,Charter,A
77433,Charter,A
77447,Charter,A
77449,Charter,A
77484,Charter,A
77494,Charter,A
78701,Charter,A
78731,Charter,A
79235,Charter,A
79501,Charter,A
79903,Charter,A
79912,Charter,A
20147,Charter,A
20152,Charter,A
20191,Charter,A
23150,Charter,A
23225,Charter,A
23301,Charter,A
23303,Charter,A
23304,Charter,A
23306,Charter,A
23307,Charter,A
23308,Charter,A
23310,Charter,A
23313,Charter,A
23314,Charter,A
23315,Charter,A
23316,Charter,A
23321,Charter,A
23336,Charter,A
23337,Charter,A
23350,Charter,A
23354,Charter,A
23356,Charter,A
23357,Charter,A
23359,Charter,A
23389,Charter,A
23395,Charter,A
23397,Charter,A
23401,Charter,A
23404,Charter,A
23405,Charter,A
23407,Charter,A
23408,Charter,A
23410,Charter,A
23413,Charter,A
23414,Charter,A
23415,Charter,A
23416,Charter,A
23417,Charter,A
23418,Charter,A
23420,Charter,A
23421,Charter,A
23422,Charter,A
23424,Charter,A
23426,Charter,A
23430,Charter,A
23432,Charter,A
23433,Charter,A
23434,Charter,A
23435,Charter,A
23436,Charter,A
23437,Charter,A
23438,Charter,A
23440,Charter,A
23441,Charter,A
23442,Charter,A
23443,Charter,A
23480,Charter,A
23487,Charter,A
23488,Charter,A
23666,Charter,A
23703,Charter,A
23827,Charter,A
23828,Charter,A
23837,Charter,A
23851,Charter,A
23866,Charter,A
23874,Charter,A
23878,Charter,A
23888,Charter,A
23890,Charter,A
23891,Charter,A
23898,Charter,A
24201,Charter,A
24202,Charter,A
24203,Charter,A
24209,Charter,A
24211,Charter,A
24251,Charter,A
24290,Charter,A
5033,Charter,A
5038,Charter,A
5042,Charter,A
5046,Charter,A
5050,Charter,A
5051,Charter,A
5068,Charter,A
5069,Charter,A
5077,Charter,A
5081,Charter,A
5403,Charter,A
5602,Charter,A
5641,Charter,A
5647,Charter,A
5649,Charter,A
5654,Charter,A
5658,Charter,A
5666,Charter,A
5667,Charter,A
5670,Charter,A
5675,Charter,A
5678,Charter,A
5679,Charter,A
5819,Charter,A
5821,Charter,A
5824,Charter,A
5828,Charter,A
5832,Charter,A
5849,Charter,A
5850,Charter,A
5851,Charter,A
5858,Charter,A
5861,Charter,A
5862,Charter,A
5863,Charter,A
5866,Charter,A
5867,Charter,A
5871,Charter,A
5873,Charter,A
98004,Charter,A
98006,Charter,A
98101,Charter,A
98108,Charter,A
98121,Charter,A
98501,Charter,A
98605,Charter,A
98612,Charter,A
98617,Charter,A
98624,Charter,A
98628,Charter,A
98631,Charter,A
98635,Charter,A
98637,Charter,A
98638,Charter,A
98640,Charter,A
98644,Charter,A
98661,Charter,A
98672,Charter,A
98801,Charter,A
98802,Charter,A
98812,Charter,A
98815,Charter,A
98821,Charter,A
98826,Charter,A
98828,Charter,A
98836,Charter,A
98837,Charter,A
98840,Charter,A
98841,Charter,A
98844,Charter,A
98847,Charter,A
98850,Charter,A
98855,Charter,A
98901,Charter,A
98902,Charter,A
98903,Charter,A
98908,Charter,A
98922,Charter,A
98926,Charter,A
98930,Charter,A
98932,Charter,A
98934,Charter,A
98935,Charter,A
98936,Charter,A
98937,Charter,A
98938,Charter,A
98942,Charter,A
98944,Charter,A
98948,Charter,A
98951,Charter,A
98953,Charter,A
99109,Charter,A
99114,Charter,A
99123,Charter,A
99133,Charter,A
99141,Charter,A
99148,Charter,A
99160,Charter,A
99201,Charter,A
99202,Charter,A
99218,Charter,A
99301,Charter,A
99320,Charter,A
99323,Charter,A
99324,Charter,A
99328,Charter,A
99329,Charter,A
99336,Charter,A
99337,Charter,A
99338,Charter,A
99346,Charter,A
99348,Charter,A
99350,Charter,A
99352,Charter,A
99353,Charter,A
99354,Charter,A
99361,Charter,A
99362,Charter,A
53002,Charter,A
53005,Charter,A
53006,Charter,A
53010,Charter,A
53012,Charter,A
53014,Charter,A
53015,Charter,A
53016,Charter,A
53017,Charter,A
53018,Charter,A
53019,Charter,A
53020,Charter,A
53022,Charter,A
53027,Charter,A
53031,Charter,A
53032,Charter,A
53033,Charter,A
53034,Charter,A
53035,Charter,A
53037,Charter,A
53038,Charter,A
53039,Charter,A
53040,Charter,A
53042,Charter,A
53044,Charter,A
53045,Charter,A
53047,Charter,A
53048,Charter,A
53049,Charter,A
53050,Charter,A
53051,Charter,A
53057,Charter,A
53059,Charter,A
53060,Charter,A
53061,Charter,A
53062,Charter,A
53065,Charter,A
53066,Charter,A
53072,Charter,A
53073,Charter,A
53075,Charter,A
53076,Charter,A
53078,Charter,A
53079,Charter,A
53080,Charter,A
53081,Charter,A
53083,Charter,A
53085,Charter,A
53086,Charter,A
53088,Charter,A
53089,Charter,A
53090,Charter,A
53091,Charter,A
53092,Charter,A
53094,Charter,A
53095,Charter,A
53098,Charter,A
53099,Charter,A
53101,Charter,A
53105,Charter,A
53114,Charter,A
53115,Charter,A
53121,Charter,A
53125,Charter,A
53128,Charter,A
53132,Charter,A
53137,Charter,A
53143,Charter,A
53147,Charter,A
53151,Charter,A
53154,Charter,A
53156,Charter,A
53157,Charter,A
53159,Charter,A
53177,Charter,A
53178,Charter,A
53181,Charter,A
53184,Charter,A
53186,Charter,A
53188,Charter,A
53190,Charter,A
53191,Charter,A
53195,Charter,A
53202,Charter,A
53208,Charter,A
53209,Charter,A
53211,Charter,A
53212,Charter,A
53215,Charter,A
53217,Charter,A
53218,Charter,A
53221,Charter,A
53223,Charter,A
53226,Charter,A
53227,Charter,A
53406,Charter,A
53501,Charter,A
53503,Charter,A
53506,Charter,A
53507,Charter,A
53508,Charter,A
53511,Charter,A
53515,Charter,A
53517,Charter,A
53520,Charter,A
53521,Charter,A
53523,Charter,A
53525,Charter,A
53526,Charter,A
53527,Charter,A
53528,Charter,A
53529,Charter,A
53531,Charter,A
53532,Charter,A
53533,Charter,A
53534,Charter,A
53535,Charter,A
53536,Charter,A
53537,Charter,A
53538,Charter,A
53540,Charter,A
53543,Charter,A
53545,Charter,A
53546,Charter,A
53548,Charter,A
53549,Charter,A
53550,Charter,A
53551,Charter,A
53553,Charter,A
53554,Charter,A
53555,Charter,A
53556,Charter,A
53557,Charter,A
53558,Charter,A
53559,Charter,A
53560,Charter,A
53562,Charter,A
53563,Charter,A
53565,Charter,A
53566,Charter,A
53569,Charter,A
53571,Charter,A
53572,Charter,A
53573,Charter,A
53574,Charter,A
53575,Charter,A
53576,Charter,A
53577,Charter,A
53578,Charter,A
53579,Charter,A
53581,Charter,A
53582,Charter,A
53583,Charter,A
53585,Charter,A
53588,Charter,A
53589,Charter,A
53590,Charter,A
53593,Charter,A
53594,Charter,A
53595,Charter,A
53596,Charter,A
53597,Charter,A
53598,Charter,A
53702,Charter,A
53703,Charter,A
53704,Charter,A
53705,Charter,A
53706,Charter,A
53711,Charter,A
53713,Charter,A
53714,Charter,A
53715,Charter,A
53716,Charter,A
53717,Charter,A
53718,Charter,A
53719,Charter,A
53726,Charter,A
53777,Charter,A
53778,Charter,A
53783,Charter,A
53784,Charter,A
53788,Charter,A
53791,Charter,A
53792,Charter,A
53804,Charter,A
53806,Charter,A
53808,Charter,A
53809,Charter,A
53811,Charter,A
53812,Charter,A
53813,Charter,A
53818,Charter,A
53821,Charter,A
53901,Charter,A
53910,Charter,A
53911,Charter,A
53913,Charter,A
53916,Charter,A
53919,Charter,A
53922,Charter,A
53925,Charter,A
53929,Charter,A
53933,Charter,A
53934,Charter,A
53940,Charter,A
53944,Charter,A
53946,Charter,A
53948,Charter,A
53949,Charter,A
53950,Charter,A
53951,Charter,A
53954,Charter,A
53955,Charter,A
53956,Charter,A
53957,Charter,A
53958,Charter,A
53959,Charter,A
53961,Charter,A
53962,Charter,A
53963,Charter,A
53964,Charter,A
53965,Charter,A
53968,Charter,A
54001,Charter,A
54002,Charter,A
54004,Charter,A
54009,Charter,A
54016,Charter,A
54020,Charter,A
54022,Charter,A
54024,Charter,A
54025,Charter,A
54106,Charter,A
54110,Charter,A
54115,Charter,A
54121,Charter,A
54128,Charter,A
54129,Charter,A
54130,Charter,A
54135,Charter,A
54150,Charter,A
54151,Charter,A
54160,Charter,A
54165,Charter,A
54166,Charter,A
54170,Charter,A
54201,Charter,A
54204,Charter,A
54208,Charter,A
54209,Charter,A
54210,Charter,A
54211,Charter,A
54212,Charter,A
54214,Charter,A
54216,Charter,A
54217,Charter,A
54220,Charter,A
54227,Charter,A
54228,Charter,A
54230,Charter,A
54234,Charter,A
54235,Charter,A
54241,Charter,A
54245,Charter,A
54301,Charter,A
54304,Charter,A
54311,Charter,A
54313,Charter,A
54401,Charter,A
54403,Charter,A
54404,Charter,A
54405,Charter,A
54406,Charter,A
54408,Charter,A
54409,Charter,A
54411,Charter,A
54414,Charter,A
54417,Charter,A
54421,Charter,A
54422,Charter,A
54423,Charter,A
54425,Charter,A
54426,Charter,A
54428,Charter,A
54436,Charter,A
54440,Charter,A
54446,Charter,A
54448,Charter,A
54449,Charter,A
54451,Charter,A
54452,Charter,A
54455,Charter,A
54456,Charter,A
54457,Charter,A
54460,Charter,A
54466,Charter,A
54467,Charter,A
54469,Charter,A
54471,Charter,A
54472,Charter,A
54474,Charter,A
54475,Charter,A
54476,Charter,A
54479,Charter,A
54480,Charter,A
54481,Charter,A
54482,Charter,A
54484,Charter,A
54486,Charter,A
54487,Charter,A
54488,Charter,A
54492,Charter,A
54494,Charter,A
54495,Charter,A
54498,Charter,A
54499,Charter,A
54501,Charter,A
54511,Charter,A
54514,Charter,A
54520,Charter,A
54521,Charter,A
54525,Charter,A
54529,Charter,A
54531,Charter,A
54532,Charter,A
54534,Charter,A
54536,Charter,A
54540,Charter,A
54543,Charter,A
54548,Charter,A
54550,Charter,A
54552,Charter,A
54554,Charter,A
54555,Charter,A
54563,Charter,A
54568,Charter,A
54601,Charter,A
54603,Charter,A
54612,Charter,A
54614,Charter,A
54615,Charter,A
54620,Charter,A
54629,Charter,A
54634,Charter,A
54636,Charter,A
54642,Charter,A
54644,Charter,A
54649,Charter,A
54650,Charter,A
54653,Charter,A
54656,Charter,A
54660,Charter,A
54662,Charter,A
54665,Charter,A
54666,Charter,A
54667,Charter,A
54669,Charter,A
54701,Charter,A
54703,Charter,A
54720,Charter,A
54722,Charter,A
54724,Charter,A
54726,Charter,A
54727,Charter,A
54728,Charter,A
54729,Charter,A
54730,Charter,A
54732,Charter,A
54738,Charter,A
54739,Charter,A
54742,Charter,A
54748,Charter,A
54751,Charter,A
54757,Charter,A
54768,Charter,A
54771,Charter,A
54772,Charter,A
54773,Charter,A
54801,Charter,A
54806,Charter,A
54812,Charter,A
54813,Charter,A
54814,Charter,A
54817,Charter,A
54819,Charter,A
54822,Charter,A
54828,Charter,A
54829,Charter,A
54841,Charter,A
54842,Charter,A
54843,Charter,A
54848,Charter,A
54849,Charter,A
54858,Charter,A
54859,Charter,A
54868,Charter,A
54870,Charter,A
54871,Charter,A
54874,Charter,A
54876,Charter,A
54880,Charter,A
54888,Charter,A
54891,Charter,A
54901,Charter,A
54902,Charter,A
54904,Charter,A
54911,Charter,A
54913,Charter,A
54914,Charter,A
54915,Charter,A
54922,Charter,A
54923,Charter,A
54927,Charter,A
54928,Charter,A
54929,Charter,A
54930,Charter,A
54932,Charter,A
54933,Charter,A
54935,Charter,A
54937,Charter,A
54940,Charter,A
54941,Charter,A
54943,Charter,A
54944,Charter,A
54946,Charter,A
54947,Charter,A
54950,Charter,A
54956,Charter,A
54960,Charter,A
54961,Charter,A
54963,Charter,A
54964,Charter,A
54966,Charter,A
54967,Charter,A
54968,Charter,A
54970,Charter,A
54971,Charter,A
54974,Charter,A
54979,Charter,A
54980,Charter,A
54981,Charter,A
54982,Charter,A
54983,Charter,A
54984,Charter,A
54986,Charter,A
82001,Charter,A
82002,Charter,A
82003,Charter,A
82005,Charter,A
82007,Charter,A
82008,Charter,A
82009,Charter,A
82052,Charter,A
82053,Charter,A
82054,Charter,A
82055,Charter,A
82059,Charter,A
82061,Charter,A
82063,Charter,A
82070,Charter,A
82071,Charter,A
82072,Charter,A
82081,Charter,A
82084,Charter,A
82301,Charter,A
82310,Charter,A
82334,Charter,A
82401,Charter,A
82410,Charter,A
82414,Charter,A
82421,Charter,A
82426,Charter,A
82430,Charter,A
82435,Charter,A
82440,Charter,A
82441,Charter,A
82442,Charter,A
82443,Charter,A
82501,Charter,A
82510,Charter,A
82514,Charter,A
82515,Charter,A
82516,Charter,A
82520,Charter,A
82523,Charter,A
82524,Charter,A
82601,Charter,A
82602,Charter,A
82604,Charter,A
82609,Charter,A
82620,Charter,A
82635,Charter,A
82636,Charter,A
82638,Charter,A
82642,Charter,A
82643,Charter,A
82644,Charter,A
82646,Charter,A
82648,Charter,A
82649,Charter,A
82701,Charter,A
82715,Charter,A
82716,Charter,A
82718,Charter,A
82723,Charter,A
82725,Charter,A
82727,Charter,A
82731,Charter,A
82732,Charter,A
82801,Charter,A
82831,Charter,A
82832,Charter,A
82833,Charter,A
82834,Charter,A
82835,Charter,A
82837,Charter,A
82839,Charter,A
82842,Charter,A
82844,Charter,A
82845,Charter,A
83001,Charter,A
83002,Charter,A
83011,Charter,A
83012,Charter,A
83013,Charter,A
83014,Charter,A
83025,Charter,A
83414,Charter,A
