provide,zone,zip
Service Electric,A,19501
Service Electric,A,17501
Service Electric,A,18210
Service Electric,A,18320
Service Electric,A,07821
Service Electric,A,07860
Service Electric,A,18211
Service Electric,A,18212
Service Electric,A,18706
Service Electric,A,07822
Service Electric,A,18321
Service Electric,A,18405
Service Electric,A,18702
Service Electric,A,18431
Service Electric,A,07825
Service Electric,A,18610
Service Electric,A,18428
Service Electric,A,16912
Service Electric,A,18030
Service Electric,A,17507
Service Electric,A,07826
Service Electric,A,18322
Service Electric,A,17508
Service Electric,A,18323
Service Electric,A,18324
Service Electric,A,07874
Service Electric,A,18325
Service Electric,A,18035
Service Electric,A,18322
Service Electric,A,18218
Service Electric,A,16914
Service Electric,A,07832
Service Electric,A,18704
Service Electric,A,16917
Service Electric,A,18326
Service Electric,A,18612
Service Electric,A,18415
Service Electric,A,18038
Service Electric,A,18327
Service Electric,A,17517
Service Electric,A,17019
Service Electric,A,18328
Service Electric,A,17315
Service Electric,A,17020
Service Electric,A,18614
Service Electric,A,17519
Service Electric,A,18235
Service Electric,A,18301
Service Electric,A,18330
Service Electric,A,17521
Service Electric,A,17522
Service Electric,A,17319
Service Electric,A,18419
Service Electric,A,16415
Service Electric,A,18302
Service Electric,A,07822
Service Electric,A,07416
Service Electric,A,18612
Service Electric,A,07860
Service Electric,A,16921
Service Electric,A,16922
Service Electric,A,18053
Service Electric,A,18331
Service Electric,A,18424
Service Electric,A,16926
Service Electric,A,18425
Service Electric,A,07879
Service Electric,A,18426
Service Electric,A,07419
Service Electric,A,08827
Service Electric,A,18706
Service Electric,A,07825
Service Electric,A,07419
Service Electric,A,18428
Service Electric,A,18428
Service Electric,A,18332
Service Electric,A,07422
Service Electric,A,18431
Service Electric,A,07844
Service Electric,A,17533
Service Electric,A,18621
Service Electric,A,07849
Service Electric,A,18229
Service Electric,A,07825
Service Electric,A,19529
Service Electric,A,18704
Service Electric,A,07832
Service Electric,A,18333
Service Electric,A,18058
Service Electric,A,18435
Service Electric,A,18623
Service Electric,A,07848
Service Electric,A,18625
Service Electric,A,18438
Service Electric,A,18232
Service Electric,A,18706
Service Electric,A,18235
Service Electric,A,17339
Service Electric,A,17543
Service Electric,A,16950
Service Electric,A,18334
Service Electric,A,19539
Service Electric,A,18428
Service Electric,A,18071
Service Electric,A,18235
Service Electric,A,17545
Service Electric,A,16933
Service Electric,A,18240
Service Electric,A,18335
Service Electric,A,17549
Service Electric,A,17053
Service Electric,A,18330
Service Electric,A,18629
Service Electric,A,18630
Service Electric,A,18337
Service Electric,A,18341
Service Electric,A,19540
Service Electric,A,17870
Service Electric,A,18832
Service Electric,A,18344
Service Electric,A,18342
Service Electric,A,18707
Service Electric,A,17555
Service Electric,A,18065
Service Electric,A,18240
Service Electric,A,17068
Service Electric,A,17069
Service Electric,A,17070
Service Electric,A,07826
Service Electric,A,18445
Service Electric,A,17557
Service Electric,A,17960
Service Electric,A,18066
Service Electric,A,17701
Service Electric,A,07860
Service Electric,A,18067
Service Electric,A,18636
Service Electric,A,07439
Service Electric,A,18071
Service Electric,A,18326
Service Electric,A,18244
Service Electric,A,18451
Service Electric,A,18229
Service Electric,A,17564
Service Electric,A,18702
Service Electric,A,18347
Service Electric,A,18349
Service Electric,A,18350
Service Electric,A,18346
Service Electric,A,18704
Service Electric,A,17567
Service Electric,A,18352
Service Electric,A,17569
Service Electric,A,18707
Service Electric,A,17358
Service Electric,A,17543
Service Electric,A,18457
Service Electric,A,07826
Service Electric,A,18353
Service Electric,A,18078
Service Electric,A,18354
Service Electric,A,18355
Service Electric,A,18356
Service Electric,A,17090
Service Electric,A,18655
Service Electric,A,18458
Service Electric,A,18357
Service Electric,A,18080
Service Electric,A,18360
Service Electric,A,18252
Service Electric,A,07871
Service Electric,A,17963
Service Electric,A,17578
Service Electric,A,08886
Service Electric,A,07875
Service Electric,A,07460
Service Electric,A,18360
Service Electric,A,18706
Service Electric,A,18250
Service Electric,A,07461
Service Electric,A,18656
Service Electric,A,18370
Service Electric,A,18464
Service Electric,A,17850
Service Electric,A,18371
Service Electric,A,18372
Service Electric,A,17581
Service Electric,A,18424
Service Electric,A,18466
Service Electric,A,18235
Service Electric,A,07879
Service Electric,A,16947
Service Electric,A,18657
Service Electric,A,18469
Service Electric,A,07462
Service Electric,A,18088
Service Electric,A,07461
Service Electric,A,18706
Service Electric,A,18235
Service Electric,A,16901
Service Electric,A,17365
Service Electric,A,19565
Service Electric,A,17960
Service Electric,A,18473
Service Electric,A,18701
Service Electric,A,18702
Service Electric,A,18091
Service Electric,A,18302
Service Electric,A,18707
Service Electric,A,18853
Service Electric,A,17370
Service Electric,B,08867
Service Electric,B,18067
Service Electric,B,18101
Service Electric,B,08865
Service Electric,B,18013
Service Electric,B,08825
Service Electric,B,18014
Service Electric,B,18018
Service Electric,B,08804
Service Electric,B,18031
Service Electric,B,17352
Service Electric,B,18064
Service Electric,B,18032
Service Electric,B,18034
Service Electric,B,18014
Service Electric,B,18036
Service Electric,B,18037
Service Electric,B,18707
Service Electric,B,18039
Service Electric,B,18040
Service Electric,B,18049
Service Electric,B,18920
Service Electric,B,08822
Service Electric,B,19607
Service Electric,B,18051
Service Electric,B,18040
Service Electric,B,18015
Service Electric,B,18017
Service Electric,B,08825
Service Electric,B,18042
Service Electric,B,18407
Service Electric,B,18801
Service Electric,B,18951
Service Electric,B,18055
Service Electric,B,18056
Service Electric,B,08848
Service Electric,B,08803
Service Electric,B,18930
Service Electric,B,08865
Service Electric,B,18060
Service Electric,B,18066
Service Electric,B,18062
Service Electric,B,18063
Service Electric,B,08848
Service Electric,B,18343
Service Electric,B,18064
Service Electric,B,18065
Service Electric,B,18972
Service Electric,B,18067
Service Electric,B,18069
Service Electric,B,18942
Service Electric,B,18045
Service Electric,B,18072
Service Electric,B,08865
Service Electric,B,08867
Service Electric,B,18064
Service Electric,B,08865
Service Electric,B,18351
Service Electric,B,18953
Service Electric,B,18955
Service Electric,B,18077
Service Electric,B,18013
Service Electric,B,18015
Service Electric,B,18078
Service Electric,B,18951
Service Electric,B,18083
Service Electric,B,18085
Service Electric,B,19029
Service Electric,B,18087
Service Electric,B,18972
Service Electric,B,18013
Service Electric,B,18051
Service Electric,B,18106
Service Electric,B,18052
Service Electric,B,18042
Service Electric,B,18042
Service Electric,B,18091
Service Electric,B,18092
Service Electric,B ,18011
Service Electric,C,18011
Service Electric,C,17920
Service Electric,C,17921
Service Electric,C,17851
Service Electric,C,18214
Service Electric,C,18216
Service Electric,C,17812
Service Electric,C,17813
Service Electric,C,19508
Service Electric,C,19510
Service Electric,C,17815
Service Electric,C,19511
Service Electric,C,19512
Service Electric,C,18031
Service Electric,C,17820
Service Electric,C,17921
Service Electric,C,17866
Service Electric,C,18219
Service Electric,C,19540
Service Electric,C,17017
Service Electric,C,17821
Service Electric,C,18220
Service Electric,C,17730
Service Electric,C,17851
Service Electric,C,17823
Service Electric,C,19518
Service Electric,C,18222
Service Electric,C,17960
Service Electric,C,17724
Service Electric,C,17901
Service Electric,C,19520
Service Electric,C,17824
Service Electric,C,17866
Service Electric,C,18643
Service Electric,C,19522
Service Electric,C,17931
Service Electric,C,17827
Service Electric,C,18224
Service Electric,C,07825
Service Electric,C,17934
Service Electric,C,17935
Service Electric,C,19343
Service Electric,C,17936
Service Electric,C,17872
Service Electric,C,15301
Service Electric,C,19526
Service Electric,C,18201
Service Electric,C,18201
Service Electric,C,17830
Service Electric,C,18252
Service Electric,C,19344
Service Electric,C,17831
Service Electric,C,18230
Service Electric,C,17833
Service Electric,C,17834
Service Electric,C,19530
Service Electric,C,17943
Service Electric,C,17836
Service Electric,C,17837
Service Electric,C,17839
Service Electric,C,17840
Service Electric,C,19536
Service Electric,C,17948
Service Electric,C,17832
Service Electric,C,18237
Service Electric,C,17749
Service Electric,C,19539
Service Electric,C,17842
Service Electric,C,17844
Service Electric,C,17847
Service Electric,C,19540
Service Electric,C,17850
Service Electric,C,19543
Service Electric,C,17851
Service Electric,C,17555
Service Electric,C,17851
Service Electric,C,17855
Service Electric,C,17948
Service Electric,C,16101
Service Electric,C,17856
Service Electric,C,17857
Service Electric,C,17858
Service Electric,C,19547
Service Electric,C,17859
Service Electric,C,17860
Service Electric,C,17861
Service Electric,C,17862
Service Electric,C,17865
Service Electric,C,18245
Service Electric,C,19606
Service Electric,C,17867
Service Electric,C,17967
Service Electric,C,17868
Service Electric,C,18252
Service Electric,C,17901
Service Electric,C,17870
Service Electric,C,17872
Service Electric,C,17876
Service Electric,C,17976
Service Electric,C,16910
Service Electric,C,18252
Service Electric,C,17970
Service Electric,C,19470
Service Electric,C,18249
Service Electric,C,17801
Service Electric,C,18251
Service Electric,C,18252
Service Electric,C,19562
Service Electric,C,17881
Service Electric,C,17772
Service Electric,C,18655
Service Electric,C,17883
Service Electric,C,17884
Service Electric,C,17777
Service Electric,C,18202
Service Electric,C,17886
Service Electric,C,17887
Service Electric,C,17888
Service Electric,C,17889
